entry_date,ticker,exit_date,stock_entry_price,stock_exit_price,call_premium_pct,pnl_pct,leg
2016-03-14,EXR,2016-05-02,59.5651,63.3775,1.5633,4.84,primary
2016-03-14,KR,2016-05-02,31.3481,28.1831,3.6157,-3.62,primary
2016-03-14,PSA,2016-05-02,170.1526,176.6467,1.5633,2.25,primary
2016-03-14,ZTS,2016-05-02,38.4079,43.7668,2.1919,11.76,primary
2016-03-21,AMGN,2016-05-09,107.9397,113.177,1.492,3.36,primary
2016-03-21,ICE,2016-05-09,41.7615,45.799,2.5232,7.14,primary
2016-03-28,LLY,2016-05-16,60.4146,63.7673,1.5687,3.98,primary
2016-03-28,TMUS,2016-05-16,35.5556,40.0938,1.9172,10.85,primary
2016-04-04,BMY,2016-05-23,46.4523,50.9539,1.432,8.26,primary
2016-04-04,KDP,2016-05-23,11.6247,11.7099,1.4409,-0.71,primary
2016-04-04,KR,2016-05-23,31.2584,29.2164,2.8706,-2.87,primary
2016-04-11,VLO,2016-05-30,41.9707,37.5011,2.4621,-2.46,primary
2016-04-18,COST,2016-06-06,128.7285,130.8754,2.342,-0.67,primary
2016-04-18,LHX,2016-06-06,63.9425,67.3997,1.2904,4.12,primary
2016-04-18,PNC,2016-06-06,60.7196,63.2799,2.158,2.06,primary
2016-05-02,KDP,2016-06-20,11.5726,11.7813,1.7269,0.08,primary
2016-05-23,DAL,2016-07-11,38.1576,35.4777,8.3516,-8.35,primary
2016-05-23,KR,2016-07-11,28.3492,30.0346,3.3308,2.61,primary
2016-05-23,LHX,2016-07-11,65.1085,70.9528,1.4401,7.54,primary
2016-05-23,VLO,2016-07-11,37.2281,33.9584,2.4364,-2.44,primary
2016-05-30,COST,2016-07-18,126.3966,141.5232,2.256,9.71,primary
2016-05-30,EXR,2016-07-18,64.0152,64.7635,1.2431,-0.07,primary
2016-05-30,GOOG,2016-07-18,36.2891,36.8346,2.4135,-0.91,primary
2016-05-30,GOOGL,2016-07-18,37.1311,37.6528,3.1595,-1.75,primary
2016-05-30,KDP,2016-07-18,11.7391,12.5686,1.4431,5.62,primary
2016-05-30,PG,2016-07-18,62.5733,65.7487,1.2283,3.85,primary
2016-05-30,TRV,2016-07-18,91.9269,94.8314,2.0788,1.08,primary
2016-05-30,WEC,2016-07-18,43.4538,47.7233,1.2431,8.58,primary
2016-06-06,AEP,2016-07-25,46.7574,49.1474,1.2762,3.84,primary
2016-06-06,PANW,2016-07-25,23.2733,21.815,2.9065,-2.91,primary
2016-06-06,PSA,2016-07-25,174.7683,161.4864,1.2762,-1.28,primary
2016-06-06,VLO,2016-07-25,37.5351,35.5496,2.1591,-2.16,primary
2016-06-06,XEL,2016-07-25,31.0107,32.5935,1.2762,3.83,primary
2016-06-13,DAL,2016-08-01,36.9064,33.4279,9.3571,-9.36,primary
2016-06-13,GE,2016-08-01,127.7915,134.3429,1.6135,3.51,primary
2016-06-13,NKE,2016-08-01,48.3552,49.1026,3.1315,-1.59,primary
2016-06-13,ORLY,2016-08-01,17.3747,19.3653,3.7318,7.73,primary
2016-06-20,ADP,2016-08-08,71.7964,72.9785,1.839,-0.19,primary
2016-06-20,CI,2016-08-08,116.2126,121.1755,2.8094,1.46,primary
2016-06-27,ABT,2016-08-15,31.2985,37.1414,3.422,15.25,primary
2016-06-27,KDP,2016-08-15,11.7468,12.1353,2.8335,0.47,primary
2016-06-27,ORLY,2016-08-15,17.7033,19.048,5.6448,1.95,primary
2016-06-27,TSN,2016-08-15,49.4262,58.5699,5.6448,12.85,primary
2016-06-27,VLO,2016-08-15,35.4068,37.6941,4.1291,2.33,primary
2016-07-04,AAL,2016-08-22,27.9562,34.9221,1.3994,23.52,primary
2016-07-04,EL,2016-08-22,80.7591,80.2822,1.3828,-1.38,primary
2016-07-04,ELV,2016-08-22,115.0727,109.2077,2.1378,-2.14,primary
2016-07-04,FE,2016-08-22,23.3716,21.7681,1.3994,-1.4,primary
2016-07-04,GE,2016-08-22,134.214,134.1282,1.3994,-1.4,primary
2016-07-04,GILD,2016-08-22,59.817,56.3486,1.6145,-1.61,primary
2016-07-04,GOOG,2016-08-22,34.5196,38.1637,2.717,7.84,primary
2016-07-04,GOOGL,2016-08-22,34.9615,39.3359,3.5568,8.96,primary
2016-07-04,MSFT,2016-08-22,45.0376,51.7376,2.6582,12.22,primary
2016-07-04,NKE,2016-08-22,48.6541,51.872,2.7159,3.9,primary
2016-07-04,PM,2016-08-22,62.3627,61.0083,1.6246,-1.62,primary
2016-07-04,PSA,2016-08-22,171.483,151.4019,1.3994,-1.4,primary
2016-07-04,TJX,2016-08-22,33.4608,34.4297,3.2366,-0.34,primary
2016-07-04,UAL,2016-08-22,40.8,46.87,8.1153,6.76,primary
2016-07-11,DAL,2016-08-29,33.4279,33.1654,7.2527,-7.25,primary
2016-07-11,LUV,2016-08-29,36.3952,32.8839,7.2527,-7.25,primary
2016-07-11,LVS,2016-08-29,35.4654,42.5033,2.106,17.74,primary
2016-07-11,PANW,2016-08-29,21.035,24.1967,2.8483,12.18,primary
2016-07-18,VLO,2016-09-05,33.8972,37.7628,2.0309,9.37,primary
2016-08-08,CTSH,2016-09-26,52.6065,42.0834,1.6611,-1.66,primary
2016-08-08,PGR,2016-09-26,25.8745,23.8877,1.8047,-1.8,primary
2016-08-15,LYB,2016-10-03,43.7195,47.1654,1.0943,6.79,primary
2016-08-22,DAL,2016-10-10,32.5943,35.7262,6.2307,3.38,primary
2016-08-22,PPG,2016-10-10,87.5194,77.605,1.0617,-1.06,primary
2016-08-29,ACN,2016-10-17,99.2113,99.651,1.9907,-1.55,primary
2016-08-29,CTSH,2016-10-17,50.9394,43.8475,1.9907,-1.99,primary
2016-08-29,LUV,2016-10-17,32.4561,37.8223,7.5,9.03,primary
2016-09-05,AON,2016-10-24,103.1778,102.3684,1.8981,-1.9,primary
2016-09-05,EXR,2016-10-24,56.6491,50.37,1.135,-1.14,primary
2016-09-05,MCD,2016-10-24,93.3642,89.3853,2.6252,-2.63,primary
2016-09-05,PM,2016-10-24,62.5843,59.9043,1.3177,-1.32,primary
2016-09-05,PSA,2016-10-24,153.1998,141.5845,1.135,-1.14,primary
2016-09-12,GILD,2016-10-31,54.8793,51.4737,1.9129,-1.91,primary
2016-09-12,PYPL,2016-10-31,37.4498,40.6825,1.9662,6.67,primary
2016-12-05,AVB,2017-01-23,120.4255,127.6312,1.3378,4.65,primary
2016-12-05,IFF,2017-01-23,95.3419,95.2361,1.322,-1.32,primary
2016-12-05,NEE,2017-01-23,22.6324,24.0303,1.3378,4.84,primary
2016-12-12,ABT,2017-01-30,33.1193,36.3775,1.5609,8.28,primary
2016-12-12,AMZN,2017-01-30,38.32,40.51,2.0699,3.65,primary
2016-12-12,AON,2017-01-30,104.2401,105.2272,1.8617,-0.91,primary
2016-12-12,AVGO,2017-01-30,13.7118,15.9674,2.4359,14.01,primary
2016-12-12,BSX,2017-01-30,20.85,25.22,1.5609,19.4,primary
2016-12-12,CCI,2017-01-30,57.4441,60.2648,1.1133,3.8,primary
2016-12-12,CHTR,2017-01-30,281.04,328.71,1.5283,15.43,primary
2016-12-12,CL,2017-01-30,53.2612,53.3186,1.1001,-0.99,primary
2016-12-12,CSCO,2017-01-30,22.7443,23.8852,1.2861,3.73,primary
2016-12-12,EL,2017-01-30,70.9223,73.8767,1.1001,3.07,primary
2016-12-12,ET,2017-01-30,8.073,8.788,1.9389,6.92,primary
2016-12-12,JNJ,2017-01-30,87.3799,88.1166,1.2687,-0.43,primary
2016-12-12,MCO,2017-01-30,91.1765,97.4746,1.7136,5.19,primary
2016-12-12,PEP,2017-01-30,78.3629,79.3366,1.3972,-0.15,primary
2016-12-12,PM,2017-01-30,56.2407,63.6132,1.2924,11.82,primary
2016-12-12,SO,2017-01-30,32.6089,33.2907,1.1133,0.98,primary
2016-12-12,TMO,2017-01-30,140.4909,147.6159,1.3373,3.73,primary
2016-12-12,TSLA,2017-01-30,12.8533,16.7553,6.456,23.9,primary
2016-12-12,TSN,2017-01-30,48.7873,51.4465,2.5748,2.88,primary
2016-12-12,WAT,2017-01-30,138.61,146.34,1.3373,4.24,primary
2016-12-12,ZTS,2017-01-30,48.1046,52.0133,1.5609,6.56,primary
2016-12-19,AFL,2017-02-06,27.8994,28.2098,1.3173,-0.2,primary
2016-12-19,AMT,2017-02-06,84.5647,84.2447,1.1559,-1.16,primary
2016-12-19,BDX,2017-02-06,111.8666,118.6654,1.6206,4.46,primary
2016-12-19,DHR,2017-02-06,66.912,71.1169,1.3885,4.9,primary
2016-12-19,FE,2017-02-06,21.7332,20.9846,1.1559,-1.16,primary
2016-12-19,ISRG,2017-02-06,71.0633,78.3911,1.6206,8.69,primary
2016-12-19,KMI,2017-02-06,13.102,13.9055,2.0131,4.12,primary
2016-12-19,LLY,2017-02-06,63.4455,67.1669,1.2984,4.57,primary
2016-12-19,MDT,2017-02-06,57.4212,59.8305,1.6206,2.58,primary
2016-12-19,MRK,2017-02-06,44.3619,46.0488,1.3305,2.47,primary
2016-12-19,TXN,2017-02-06,56.6075,58.5642,2.1876,1.27,primary
2016-12-26,ABT,2017-02-13,32.511,38.0016,1.5197,15.37,primary
2016-12-26,ADBE,2017-02-13,105.0,119.67,2.4685,11.5,primary
2016-12-26,AON,2017-02-13,104.1662,108.745,1.8126,2.58,primary
2016-12-26,IFF,2017-02-13,94.2746,97.2386,1.071,2.07,primary
2016-12-26,V,2017-02-13,73.3774,81.9929,1.2853,10.46,primary
2017-01-02,BAX,2017-02-20,38.2001,43.4593,1.8651,11.9,primary
2017-01-09,ADBE,2017-02-27,107.96,120.04,2.4426,8.75,primary
2017-01-09,AON,2017-02-27,105.0888,107.7734,1.7936,0.76,primary
2017-01-09,CRM,2017-02-27,73.1611,81.233,2.4426,8.59,primary
2017-01-09,DHR,2017-02-27,68.0853,73.5304,1.2883,6.71,primary
2017-01-09,GOOGL,2017-02-27,40.9798,42.106,2.726,0.02,primary
2017-01-09,KMI,2017-02-27,13.2619,13.4539,1.8679,-0.42,primary
2017-01-09,MCO,2017-02-27,89.9462,103.7572,1.6509,13.7,primary
2017-01-09,META,2017-02-27,122.588,136.1019,2.5409,8.48,primary
2017-01-09,MRK,2017-02-27,43.2852,47.7931,1.2346,9.18,primary
2017-01-09,SPGI,2017-02-27,105.1079,119.5892,1.6509,12.13,primary
2017-01-09,TXN,2017-02-27,57.6915,60.668,2.0298,3.13,primary
2017-01-09,WMB,2017-02-27,19.6798,18.2004,1.8679,-1.87,primary
2017-01-09,YUM,2017-02-27,54.4282,55.2328,2.4806,-1.0,primary
2017-01-16,QCOM,2017-03-06,51.7983,45.9578,2.0137,-2.01,primary
2017-01-23,PEP,2017-03-13,77.6684,84.6542,1.3722,7.62,primary
2017-01-30,AON,2017-03-20,104.1109,108.7542,1.6763,2.78,primary
2017-01-30,WY,2017-03-20,21.7701,23.3838,1.0024,6.41,primary
2017-02-06,CL,2017-03-27,53.4075,59.154,1.027,9.73,primary
2017-02-06,JNJ,2017-03-27,87.977,97.2153,1.1845,9.32,primary
2017-02-06,REGN,2017-03-27,355.4586,384.9097,1.1675,7.12,primary
2017-02-06,WMT,2017-03-27,18.9356,20.7159,2.4039,7.0,primary
2017-02-13,BIIB,2017-04-03,276.28,268.73,1.1547,-1.15,primary
2017-02-13,LVS,2017-04-03,42.7214,46.015,1.7311,5.98,primary
2017-02-13,MNST,2017-04-03,22.46,22.925,1.1934,0.88,primary
2017-02-20,AMT,2017-04-10,86.337,97.9088,1.1559,12.25,re_entry
2017-02-20,FANG,2017-04-10,84.2256,80.7434,1.896,-1.9,primary
2017-02-20,FDX,2017-04-10,167.2707,158.4427,2.5178,-2.52,primary
2017-02-20,IFF,2017-04-10,97.0558,105.3356,1.322,7.21,re_entry
2017-02-20,LIN,2017-04-10,100.6882,101.5075,1.0886,-0.27,primary
2017-02-20,QCOM,2017-04-10,44.1268,41.373,2.0603,-2.06,primary
2017-02-27,EW,2017-04-17,31.56,32.59,1.5237,1.74,primary
2017-02-27,HUM,2017-04-17,189.5024,197.7747,1.6601,2.71,primary
2017-02-27,LVS,2017-04-17,42.1717,46.9811,1.83,9.57,primary
2017-03-06,C,2017-04-24,45.7295,44.4659,1.8004,-1.8,primary
2017-03-06,FDX,2017-04-24,166.9522,163.591,2.4017,-2.4,primary
2017-03-06,WMB,2017-04-24,18.1206,18.9957,1.8085,3.02,primary
2017-03-20,EQT,2017-05-08,28.7741,28.4289,1.8613,-1.86,primary
2017-03-20,FANG,2017-05-08,79.4828,78.3298,1.8613,-1.86,primary
2017-03-20,FDX,2017-05-08,168.2047,165.2812,2.4718,-2.47,primary
2017-03-20,GIS,2017-05-08,43.7561,40.8381,1.2407,-1.24,primary
2017-03-20,OXY,2017-05-08,50.1211,47.8493,1.8081,-1.81,primary
2017-03-20,PLD,2017-05-08,39.713,42.2802,1.0687,5.4,primary
2017-03-20,ROST,2017-05-08,61.7169,58.0849,2.4718,-2.47,primary
2017-03-20,SYY,2017-05-08,41.81,43.0853,2.4718,0.58,primary
2017-03-20,VZ,2017-05-08,31.0668,28.5818,1.4671,-1.47,primary
2017-04-03,FANG,2017-05-22,79.5596,75.647,2.0412,-2.04,primary
2017-04-03,FDX,2017-05-22,168.9032,167.5233,2.7106,-2.71,primary
2017-04-03,GE,2017-05-22,130.8168,120.6627,1.172,-1.17,primary
2017-04-03,LIN,2017-05-22,102.6136,114.0372,1.172,9.96,primary
2017-04-03,OKE,2017-05-22,31.8444,29.9699,2.0412,-2.04,primary
2017-04-03,TGT,2017-05-22,42.3436,42.1683,2.7106,-2.71,primary
2017-04-10,APD,2017-05-29,109.2584,118.607,1.2194,7.34,primary
2017-04-10,CVX,2017-05-29,74.2899,70.9123,2.063,-2.06,primary
2017-05-29,C,2017-07-17,46.5981,49.7731,1.8004,5.01,re_entry
2017-06-05,AXP,2017-07-24,69.9622,75.6214,1.4656,6.62,primary
2017-06-05,BIIB,2017-07-24,257.37,287.44,1.0376,10.65,primary
2017-06-05,FDX,2017-07-24,174.7759,179.8331,2.7106,0.18,re_entry
2017-06-05,GE,2017-07-24,122.6408,113.1696,0.9238,-0.92,primary
2017-06-05,PCAR,2017-07-24,29.9815,32.4879,1.1988,7.16,primary
2017-06-05,WM,2017-07-24,63.2215,64.251,2.1365,-0.51,primary
2017-06-12,BAC,2017-07-31,19.4449,20.3836,1.7577,3.07,primary
2017-06-12,CVX,2017-07-31,73.175,75.7265,1.7151,1.77,primary
2017-06-12,EPD,2017-07-31,14.3667,14.2824,1.7656,-1.77,primary
2017-06-12,GS,2017-07-31,185.2169,190.3188,1.6953,1.06,primary
2017-06-12,JPM,2017-07-31,68.7701,74.4761,1.6953,6.6,primary
2017-06-12,KMI,2017-07-31,11.9418,12.648,1.7656,4.15,primary
2017-06-12,PNC,2017-07-31,91.5923,98.8597,1.6953,6.24,primary
2017-06-12,SPG,2017-07-31,97.4852,103.1197,2.3447,3.44,primary
2017-07-24,BRK-B,2017-09-11,171.5,179.89,1.483,3.41,primary
2017-07-24,ORLY,2017-09-11,12.55,13.9907,2.0511,9.43,primary
2017-07-24,PEG,2017-09-11,33.2849,34.4031,0.8868,2.47,primary
2017-07-24,PG,2017-09-11,70.6088,74.3725,0.8763,4.45,primary
2017-07-24,T,2017-09-11,14.9901,15.2323,1.2174,0.4,primary
2017-07-31,BAC,2017-09-18,19.6897,20.5289,1.6904,2.57,primary
2017-07-31,COP,2017-09-18,34.5216,37.3774,1.6494,6.62,primary
2017-07-31,CVX,2017-09-18,74.5436,81.4749,1.6494,7.65,primary
2017-07-31,GS,2017-09-18,185.4819,191.9993,1.6304,1.88,primary
2017-07-31,PAYX,2017-09-18,44.7721,46.2746,1.5007,1.86,primary
2017-07-31,ROST,2017-09-18,50.5361,55.9984,2.2549,8.55,primary
2017-07-31,TJX,2017-09-18,30.8558,32.1928,2.2549,2.08,primary
2017-08-07,CMCSA,2017-09-25,29.8424,28.9764,1.3046,-1.3,primary
2017-08-07,D,2017-09-25,53.0836,52.8459,0.9503,-0.95,primary
2017-08-07,DUK,2017-09-25,60.5731,59.402,0.9503,-0.95,primary
2017-08-07,EMR,2017-09-25,49.3591,51.2635,1.0979,2.76,primary
2017-08-07,GE,2017-09-25,114.1005,108.2563,0.9503,-0.95,primary
2017-08-07,IBM,2017-09-25,95.2431,96.3025,1.0979,0.01,primary
2017-08-07,SRE,2017-09-25,44.3932,43.5414,0.9503,-0.95,primary
2017-10-02,CMCSA,2017-11-20,28.9237,27.1239,1.2369,-1.24,primary
2017-10-02,DLR,2017-11-20,88.5286,87.693,2.0521,-2.05,primary
2017-10-02,ELV,2017-11-20,170.6507,196.6932,1.3765,13.88,primary
2017-10-02,KMB,2017-11-20,87.217,86.2397,0.8904,-0.89,primary
2017-10-09,AMZN,2017-11-27,49.662,58.1175,1.7,15.33,primary
2017-10-09,AVB,2017-11-27,134.831,136.8077,0.9143,0.55,primary
2017-10-09,AVGO,2017-11-27,19.2995,21.3048,2.0006,8.39,primary
2017-10-09,BDX,2017-11-27,133.1805,152.5983,1.2819,13.3,primary
2017-10-09,BKNG,2017-11-27,1885.0845,1703.4771,1.7,-1.7,primary
2017-10-09,CCL,2017-11-27,59.7095,60.4705,1.5396,-0.27,primary
2017-10-09,ECL,2017-11-27,120.533,123.1626,0.9035,1.28,primary
2017-10-09,JNJ,2017-11-27,105.6858,110.683,1.042,3.69,primary
2017-10-09,KR,2017-11-27,17.3255,21.5552,2.1146,22.3,primary
2017-10-09,MDT,2017-11-27,62.1398,64.9113,1.2819,3.18,primary
2017-10-09,NKE,2017-11-27,46.6757,53.5122,1.7745,12.87,primary
2017-10-09,NXPI,2017-11-27,100.8717,101.4729,1.7304,-1.13,primary
2017-10-09,PM,2017-11-27,72.1368,67.0488,1.0615,-1.06,primary
2017-10-09,REGN,2017-11-27,469.3393,370.9639,1.027,-1.03,primary
2017-10-09,SYK,2017-11-27,135.9863,142.5816,1.2819,3.57,primary
2017-10-09,TMUS,2017-11-27,59.91,58.5543,1.2551,-1.26,primary
2017-10-09,TSLA,2017-11-27,23.31,20.4353,5.3022,-5.3,primary
2017-10-16,D,2017-12-04,54.3709,58.1532,0.9503,6.01,re_entry
2017-10-16,DUK,2017-12-04,61.3698,62.9439,0.9503,1.61,re_entry
2017-10-16,KDP,2017-12-04,11.7507,12.407,1.0571,4.53,primary
2017-10-16,KMB,2017-12-04,87.7723,88.9273,0.8997,0.42,primary
2017-10-16,PEP,2017-12-04,87.0187,90.4467,1.1427,2.8,primary
2017-10-16,WDC,2017-12-04,60.1987,55.8968,1.0519,-1.05,primary
2017-10-16,ZTS,2017-12-04,61.2324,67.2076,1.2766,8.48,primary
2017-10-23,ALL,2017-12-11,76.6627,86.0581,1.5797,10.68,primary
2017-10-23,BAX,2017-12-11,55.3061,56.8163,1.3244,1.41,primary
2017-10-23,CMCSA,2017-12-11,28.1825,30.0276,1.2968,5.25,primary
2017-10-23,ELV,2017-12-11,173.6315,202.4975,1.443,15.18,primary
2017-10-23,EW,2017-12-11,37.85,38.0733,1.3244,-0.73,primary
2017-10-23,GE,2017-12-11,104.9432,79.7819,0.9446,-0.94,primary
2017-10-23,HCA,2017-12-11,75.4885,82.1064,1.443,7.32,primary
2017-10-23,MCK,2017-12-11,140.7733,152.563,1.443,6.93,primary
2017-10-23,NKE,2017-12-11,47.4174,58.0923,1.8333,20.68,primary
2017-10-23,WBD,2017-12-11,20.27,21.04,1.5907,2.21,primary
2017-10-30,AAPL,2017-12-18,38.2085,40.9476,2.2926,4.88,primary
2017-10-30,AVGO,2017-12-18,19.8722,20.5822,2.0317,1.54,primary
2017-10-30,CCL,2017-12-18,61.1656,60.7912,1.5636,-1.56,primary
2017-10-30,SRE,2017-12-18,44.0411,41.321,0.9285,-0.93,primary
2017-10-30,TMUS,2017-12-18,60.2561,61.1695,1.2746,0.24,primary
2017-10-30,UAL,2017-12-18,59.78,67.25,5.3846,7.11,primary
2017-11-06,CCI,2017-12-25,77.5372,78.3529,0.866,0.19,primary
2017-11-06,HCA,2017-12-25,70.959,81.5309,1.3229,13.58,primary
2017-11-06,PEP,2017-12-25,84.7379,93.046,1.0868,8.72,primary
2017-11-06,PGR,2017-12-25,38.4726,43.5009,1.4482,11.62,primary
2017-11-06,WELL,2017-12-25,50.2587,47.9605,0.866,-0.87,primary
2017-11-06,YUM,2017-12-25,67.6965,70.1883,2.0029,1.68,primary
2017-11-13,CMCSA,2018-01-01,27.7439,31.0333,1.4684,10.39,primary
2017-11-13,EPD,2018-01-01,13.6665,15.1589,1.863,9.06,primary
2017-11-13,EW,2018-01-01,34.5767,38.62,1.4998,10.19,primary
2017-11-13,KDP,2018-01-01,11.383,12.6629,1.2418,10.0,primary
2017-11-13,KMB,2018-01-01,84.3443,88.1912,1.057,3.5,primary
2017-11-20,CCL,2018-01-08,60.3283,63.8514,1.8236,4.02,primary
2017-11-20,ECL,2018-01-08,119.8665,126.0924,1.0701,4.12,primary
2017-11-20,MCK,2018-01-08,132.3671,155.9876,1.6544,16.19,primary
2017-11-20,PM,2018-01-08,66.37,68.2349,1.2572,1.55,primary
2017-11-20,TMUS,2018-01-08,57.4486,61.2272,1.4867,5.09,primary
2017-11-20,TSLA,2018-01-08,20.9193,22.4147,6.2802,0.87,primary
2017-11-20,UAL,2018-01-08,58.26,78.4,6.2802,28.29,primary
2017-11-20,WBD,2018-01-08,17.55,24.33,1.8236,36.81,primary
2017-11-27,CSX,2018-01-15,15.1326,17.1543,0.9162,12.44,primary
2017-11-27,HCA,2018-01-15,71.6458,86.3296,1.3996,19.1,primary
2017-11-27,META,2018-01-15,181.1385,179.8784,2.1705,-2.17,primary
2017-11-27,NCLH,2018-01-15,55.55,59.43,1.5428,5.44,primary
2017-11-27,PCG,2018-01-15,53.3811,43.8812,0.9162,-0.92,primary
2017-11-27,WMB,2018-01-15,17.7212,20.6586,1.5956,14.98,primary
2017-12-04,BAX,2018-01-22,57.0511,62.8432,1.5184,8.63,primary
2017-12-04,CHTR,2018-01-22,330.2,377.0,1.4867,12.69,primary
2017-12-04,DLR,2018-01-22,88.551,83.9759,2.0521,-2.05,re_entry
2017-12-04,EPD,2018-01-22,13.754,16.0554,1.8861,14.85,primary
2017-12-04,HUM,2018-01-22,242.8809,268.1751,1.6544,8.76,primary
2017-12-04,ORCL,2018-01-22,44.0732,46.847,1.8479,4.45,primary
2017-12-11,FCX,2018-01-29,13.6174,16.2594,0.9077,18.49,primary
2017-12-11,GE,2018-01-29,78.8417,70.5053,0.9077,-0.91,primary
2017-12-11,NCLH,2018-01-29,54.75,59.0,1.5285,6.23,primary
2017-12-11,O,2018-01-29,36.2849,33.5653,0.9077,-0.91,primary
2017-12-11,REGN,2018-01-29,380.7975,345.5257,1.0195,-1.02,primary
2017-12-18,AMD,2018-02-05,10.6,11.31,2.3566,4.34,primary
2017-12-18,BAX,2018-02-05,56.9554,55.9292,1.2514,-1.25,primary
2017-12-18,BKNG,2018-02-05,1744.2847,1732.6323,1.6595,-1.66,primary
2017-12-18,CHTR,2018-02-05,324.47,349.43,1.2252,6.47,primary
2017-12-18,TMO,2018-02-05,189.0781,195.7977,1.0721,2.48,primary
2017-12-18,WELL,2018-02-05,50.4649,41.7257,0.8925,-0.89,primary
2017-12-25,CCL,2018-02-12,60.8187,63.6773,1.5795,3.12,primary
2017-12-25,ETN,2018-02-12,66.12,70.5422,1.0836,5.6,primary
2017-12-25,GD,2018-02-12,168.4734,186.95,0.938,10.03,primary
2017-12-25,NEM,2018-02-12,29.291,30.9614,0.938,4.76,primary
2017-12-25,PCAR,2018-02-12,34.7807,33.5796,1.2172,-1.22,primary
2018-01-01,DLR,2018-02-19,85.7735,76.8682,2.3822,-2.38,primary
2018-01-08,AMGN,2018-02-26,140.484,145.1536,0.9812,2.34,primary
2018-01-08,AON,2018-02-26,126.7078,129.518,1.4608,0.76,primary
2018-01-08,BAX,2018-02-26,60.1645,57.6425,1.2248,-1.22,primary
2018-01-08,BMY,2018-02-26,46.2015,49.4845,1.0078,6.1,primary
2018-01-08,BSX,2018-02-26,25.91,26.77,1.2248,2.09,primary
2018-01-08,GILD,2018-02-26,54.7207,57.9227,1.0078,4.84,primary
2018-01-08,HUM,2018-02-26,245.4684,250.9753,1.3345,0.91,primary
2018-01-08,MCHP,2018-02-26,39.3907,39.2831,1.6533,-1.65,primary
2018-01-08,META,2018-02-26,185.7424,175.2448,2.0695,-2.07,primary
2018-01-08,NCLH,2018-02-26,54.92,56.44,1.471,1.3,primary
2018-01-08,ORCL,2018-02-26,42.7286,44.6889,1.4906,3.1,primary
2018-01-08,PANW,2018-02-26,25.3683,29.4617,1.9895,14.15,primary
2018-01-08,PCG,2018-02-26,43.7824,40.2533,0.8736,-0.87,primary
2018-01-08,TMO,2018-02-26,197.9593,201.9207,1.0493,0.95,primary
2018-01-08,TSLA,2018-02-26,21.0667,22.3413,5.0659,0.98,primary
2018-01-15,C,2018-03-05,59.1666,58.1461,1.669,-1.67,primary
2018-01-15,CCL,2018-03-05,63.5857,62.2198,1.5636,-1.56,re_entry
2018-01-15,RCL,2018-03-05,118.5086,116.8839,1.621,-1.62,primary
2018-01-22,AMT,2018-03-12,112.1694,119.3873,1.0678,5.37,primary
2018-01-22,LRCX,2018-03-12,18.5755,19.8305,2.8195,3.94,primary
2018-01-29,AVB,2018-03-19,128.9378,120.1691,1.0498,-1.05,primary
2018-01-29,DLR,2018-03-19,84.5626,77.6861,2.3908,-2.39,primary
2018-01-29,GM,2018-03-19,38.1106,31.1475,6.0879,-6.09,primary
2018-01-29,META,2018-03-19,187.2803,158.1489,2.487,-2.49,primary
2018-01-29,PLD,2018-03-19,51.0521,48.1271,1.0498,-1.05,primary
2018-01-29,WELL,2018-03-19,45.2379,39.7544,1.0498,-1.05,primary
2018-02-19,BAX,2018-04-09,58.0599,57.2907,1.2514,-1.25,re_entry
2018-02-26,PCAR,2018-04-16,35.1256,33.9005,1.2172,-1.22,re_entry
2018-03-12,MCHP,2018-04-30,42.8289,37.6566,1.6533,-1.65,re_entry
2018-06-11,ABBV,2018-07-30,72.1062,69.9234,1.3314,-1.33,primary
2018-06-11,APD,2018-07-30,139.7983,133.5364,1.154,-1.15,primary
2018-06-11,BAC,2018-07-30,25.022,26.168,2.0008,2.58,primary
2018-06-11,BDX,2018-07-30,157.8803,168.3075,1.618,4.99,primary
2018-06-11,BRK-B,2018-07-30,196.3,200.24,1.9298,0.08,primary
2018-06-11,C,2018-07-30,52.9023,55.5658,2.0008,3.03,primary
2018-06-11,CB,2018-07-30,116.5858,121.9072,1.9298,2.63,primary
2018-06-11,DG,2018-07-30,85.4532,88.8811,2.669,1.34,primary
2018-06-11,DHR,2018-07-30,87.9561,86.6802,1.3862,-1.39,primary
2018-06-11,ELV,2018-07-30,205.5374,232.4247,1.7629,11.32,primary
2018-06-11,GS,2018-07-30,196.8382,196.3935,1.9298,-1.93,primary
2018-06-11,IFF,2018-07-30,102.5149,109.829,1.1403,5.99,primary
2018-06-11,JPM,2018-07-30,89.7924,95.1307,1.9298,4.02,primary
2018-06-11,KMB,2018-07-30,78.4706,88.7614,1.1403,11.97,primary
2018-06-11,LUV,2018-07-30,46.1379,51.9775,6.6923,5.96,primary
2018-06-11,PCAR,2018-07-30,32.0418,31.712,1.4975,-1.5,primary
2018-06-11,PGR,2018-07-30,49.6386,48.55,1.9298,-1.93,primary
2018-06-11,PNC,2018-07-30,113.2048,110.9357,1.9298,-1.93,primary
2018-06-11,TFC,2018-07-30,39.0072,36.81,2.0008,-2.0,primary
2018-06-11,TMO,2018-07-30,213.0341,228.5724,1.3862,5.91,primary
2018-06-11,VZ,2018-07-30,32.4003,34.6171,1.5842,5.26,primary
2018-06-18,ALL,2018-08-06,77.7608,82.4505,1.8981,4.13,primary
2018-06-18,CCL,2018-08-06,59.7398,55.3904,1.9114,-1.91,primary
2018-06-18,CSCO,2018-08-06,34.8917,35.0915,1.3113,-0.74,primary
2018-06-18,DLTR,2018-08-06,87.39,92.43,2.6252,3.14,primary
2018-06-18,NCLH,2018-08-06,54.42,50.61,1.9114,-1.91,primary
2018-06-18,NEE,2018-08-06,32.9422,35.2763,1.135,5.95,primary
2018-06-18,SBUX,2018-08-06,47.8787,43.4425,2.6252,-2.63,primary
2018-06-18,VRTX,2018-08-06,153.9,174.82,1.2749,12.32,primary
2018-06-25,C,2018-08-13,51.2673,53.8151,2.262,2.71,primary
2018-06-25,CCI,2018-08-13,74.546,81.9761,1.3046,8.66,primary
2018-06-25,FANG,2018-08-13,96.6441,92.4663,2.2722,-2.27,primary
2018-07-02,AMCR,2018-08-20,37.3815,37.0255,1.5245,-1.52,primary
2018-07-02,CB,2018-08-20,111.2104,118.6666,2.5493,4.16,primary
2018-07-02,FCX,2018-08-20,15.4428,13.1669,1.5245,-1.52,primary
2018-07-02,T,2018-08-20,13.9196,14.4194,2.0928,1.5,primary
2018-07-09,ABBV,2018-08-27,70.2562,69.525,1.4615,-1.46,primary
2018-07-09,ALL,2018-08-27,77.5435,84.0723,2.1184,6.3,primary
2018-07-09,AON,2018-08-27,131.1912,137.2735,2.1184,2.52,primary
2018-07-09,BRK-B,2018-08-27,188.11,208.72,2.1184,8.84,primary
2018-07-09,GD,2018-08-27,159.2425,162.7689,1.2667,0.95,primary
2018-07-09,GS,2018-08-27,187.3914,199.5145,2.1184,4.35,primary
2018-07-09,IBM,2018-08-27,97.6085,101.3547,1.4635,2.37,primary
2018-07-09,ITW,2018-08-27,116.6165,115.6836,1.4635,-1.46,primary
2018-07-09,LHX,2018-08-27,125.1473,140.2599,1.2667,10.81,primary
2018-07-09,RCL,2018-08-27,99.0222,114.3705,2.1331,13.37,primary
2018-07-09,RTX,2018-08-27,66.2628,69.6248,1.2667,3.81,primary
2018-07-09,TRV,2018-08-27,104.9045,111.478,2.1184,4.15,primary
2018-07-09,USB,2018-08-27,37.2027,39.9571,2.1184,5.29,primary
2018-07-09,WAT,2018-08-27,197.08,189.48,1.5216,-1.52,primary
2018-07-09,WDC,2018-08-27,54.7742,44.1827,1.4635,-1.46,primary
2018-07-09,WM,2018-08-27,72.3821,79.8003,2.9298,7.32,primary
2018-07-16,AMAT,2018-09-03,42.2346,36.724,3.0471,-3.05,primary
2018-07-16,APD,2018-09-03,131.0235,137.6186,1.154,3.88,primary
2018-07-16,BAC,2018-09-03,23.9009,25.6282,2.0008,5.23,primary
2018-07-16,BLK,2018-09-03,411.4335,387.9325,1.9583,-1.96,primary
2018-07-16,CAT,2018-09-03,119.1522,120.2571,1.4975,-0.57,primary
2018-07-16,CME,2018-09-03,124.8166,130.0163,2.1921,1.97,primary
2018-07-16,COF,2018-09-03,82.8281,86.4354,1.8309,2.52,primary
2018-07-16,DAL,2018-09-03,47.1281,53.0055,6.6923,5.78,primary
2018-07-16,JPM,2018-09-03,86.9736,92.8802,1.9298,4.86,primary
2018-07-16,LRCX,2018-09-03,15.3737,14.3369,3.0471,-3.05,primary
2018-07-16,MAR,2018-09-03,123.2004,119.2446,2.1457,-2.15,primary
2018-07-16,MS,2018-09-03,38.0804,38.3055,1.9298,-1.34,primary
2018-07-16,NOC,2018-09-03,284.3713,265.8238,1.154,-1.15,primary
2018-07-16,PCAR,2018-09-03,31.2543,34.1166,1.4975,7.66,primary
2018-07-16,PH,2018-09-03,142.4626,159.0539,1.3332,10.31,primary
2018-07-16,PNC,2018-09-03,104.8789,109.3523,1.9298,2.34,primary
2018-07-16,ROP,2018-09-03,272.0588,291.1141,2.1921,4.81,primary
2018-07-16,SBUX,2018-09-03,43.4762,46.5899,2.669,4.49,primary
2018-07-16,TEL,2018-09-03,80.6495,79.4788,1.3332,-1.33,primary
2018-07-16,TMO,2018-09-03,206.5792,231.1586,1.3862,10.51,primary
2018-07-16,YUM,2018-09-03,68.5102,77.0399,2.669,9.78,primary
2018-07-23,AAL,2018-09-10,36.8527,39.0,1.2184,4.61,primary
2018-07-23,AFL,2018-09-10,35.8928,39.6088,1.3886,8.96,primary
2018-07-23,CCL,2018-09-10,54.0893,59.9174,2.0518,8.72,primary
2018-07-23,DHR,2018-09-10,86.7059,91.3832,1.4636,3.93,primary
2018-07-23,NCLH,2018-09-10,49.9,55.47,2.0518,9.11,primary
2018-07-23,NEM,2018-09-10,29.4642,24.2253,1.2184,-1.22,primary
2018-07-23,PGR,2018-09-10,47.1696,53.827,2.0376,12.08,primary
2018-07-23,T,2018-09-10,13.7568,14.8435,1.6726,6.23,primary
2018-07-30,ABBV,2018-09-17,65.6786,66.8303,1.4243,0.33,primary
2018-07-30,APD,2018-09-17,135.0557,142.4271,1.2345,4.22,primary
2018-07-30,CSCO,2018-09-17,34.0335,38.9229,1.4262,12.94,primary
2018-07-30,DE,2018-09-17,126.8874,136.8456,1.602,6.25,primary
2018-07-30,EMR,2018-09-17,59.5863,65.4706,1.4262,8.45,primary
2018-07-30,TFC,2018-09-17,36.6531,36.9839,2.1405,-1.24,primary
2018-08-06,COF,2018-09-24,84.8099,83.4128,1.7497,-1.75,primary
2018-08-06,ECL,2018-09-24,134.9932,144.7944,1.0898,6.17,primary
2018-08-06,IP,2018-09-24,35.1644,33.2645,1.1028,-1.1,primary
2018-08-06,ITW,2018-09-24,116.6082,117.5495,1.2741,-0.47,primary
2018-08-06,MAR,2018-09-24,120.6376,124.3493,2.0506,1.03,primary
2018-08-06,ZTS,2018-09-24,86.3486,86.001,1.5463,-1.55,primary
2018-08-13,NOW,2018-10-01,37.402,37.32,2.9206,-2.92,primary
2018-08-13,SCHW,2018-10-01,45.6029,46.3227,2.0851,-0.51,primary
2018-08-20,CME,2018-10-08,126.702,132.5863,2.2749,2.37,primary
2018-08-20,DE,2018-10-08,126.8157,133.5191,1.5541,3.73,primary
2018-08-20,EL,2018-10-08,127.9949,114.8906,1.1834,-1.18,primary
2018-08-20,IP,2018-10-08,35.261,28.8788,1.1976,-1.2,primary
2018-08-20,ITW,2018-10-08,116.4083,109.6118,1.3836,-1.38,primary
2018-08-20,MAR,2018-10-08,116.2537,110.6552,2.2267,-2.23,primary
2018-08-20,NOC,2018-10-08,259.8888,267.4602,1.1976,1.72,primary
2018-08-20,PGR,2018-10-08,52.4861,52.7385,1.9298,-1.45,re_entry
2018-08-20,SYK,2018-10-08,157.1638,158.2606,1.6791,-0.98,primary
2018-08-20,TSN,2018-10-08,50.3272,48.7718,2.7698,-2.77,primary
2018-08-27,ADBE,2018-10-15,263.0,245.03,2.5872,-2.59,primary
2018-08-27,BKNG,2018-10-15,1878.8901,1772.6251,2.1122,-2.11,primary
2018-08-27,BLK,2018-10-15,394.1039,332.6818,1.9277,-1.93,primary
2018-08-27,MU,2018-10-15,50.081,39.4504,2.9996,-3.0,primary
2018-08-27,NOW,2018-10-15,38.8,35.43,2.661,-2.66,primary
2018-08-27,NVDA,2018-10-15,6.7678,5.6756,2.9996,-3.0,primary
2018-08-27,VLO,2018-10-15,89.4775,68.5492,1.9219,-1.92,primary
2018-08-27,WAT,2018-10-15,190.35,185.42,1.3646,-1.36,primary
2018-08-27,WDC,2018-10-15,44.7486,39.8397,1.3124,-1.31,primary
2018-09-03,DHR,2018-10-22,88.6384,83.1855,1.4636,-1.46,primary
2018-09-03,ITW,2018-10-22,115.5254,104.1006,1.4076,-1.41,primary
2018-09-03,LRCX,2018-10-22,15.4303,12.5838,3.2172,-3.22,primary
2018-09-10,IP,2018-10-29,35.1392,30.8212,1.4098,-1.41,primary
2018-09-17,ABBV,2018-11-05,69.1048,65.0048,1.3194,-1.32,primary
2018-09-17,ADBE,2018-11-05,275.0,244.84,2.6044,-2.6,primary
2018-09-17,APTV,2018-11-05,85.8256,74.6335,6.6318,-6.63,primary
2018-09-17,COP,2018-11-05,57.2068,52.0075,1.9347,-1.93,primary
2018-09-17,CTSH,2018-11-05,68.2922,62.9329,1.7603,-1.76,primary
2018-09-17,CVX,2018-11-05,84.8145,86.1846,1.9347,-0.32,primary
2018-09-17,EW,2018-11-05,49.36,51.06,1.6034,1.84,primary
2018-09-17,F,2018-11-05,6.4183,6.4921,6.6318,-5.48,primary
2018-09-17,FCX,2018-11-05,12.4663,10.3671,1.1436,-1.14,primary
2018-09-17,LVS,2018-11-05,52.8943,45.4823,1.9257,-1.93,primary
2018-09-17,NEM,2018-11-05,24.4604,25.6542,1.1436,3.74,primary
2018-09-17,NFLX,2018-11-05,36.422,30.347,2.9153,-2.92,primary
2018-09-17,TEL,2018-11-05,81.3795,69.6319,1.3212,-1.32,primary
2018-09-17,VLO,2018-11-05,86.4994,64.7212,1.9347,-1.93,primary
2018-09-24,ADI,2018-11-12,82.119,78.054,1.1066,-1.11,primary
2018-09-24,AMAT,2018-11-12,36.1619,32.6231,2.922,-2.92,primary
2018-09-24,TFC,2018-11-12,36.9264,37.2632,1.9187,-1.01,primary
2018-09-24,TXN,2018-11-12,88.0254,79.6942,2.0944,-2.09,primary
2018-09-24,WDC,2018-11-12,42.1077,32.8357,1.2785,-1.28,primary
2018-10-01,ABBV,2018-11-19,68.6268,62.6913,1.3248,-1.32,primary
2018-10-01,ADBE,2018-11-19,271.76,225.56,2.6152,-2.62,primary
2018-10-01,FANG,2018-11-19,104.3232,80.8684,2.2722,-2.27,re_entry
2018-10-01,MU,2018-11-19,44.317,35.5005,3.0321,-3.03,primary
2018-10-08,GM,2018-11-26,30.5422,34.2719,8.1428,4.07,primary
2018-10-08,SCHW,2018-11-26,46.1158,40.4201,2.3481,-2.35,primary
2018-10-08,TSN,2018-11-26,49.9772,47.6878,3.2475,-3.25,primary
2018-10-08,VLO,2018-11-26,86.1447,59.6138,2.3755,-2.38,primary
2018-11-05,WAT,2018-12-24,193.97,184.76,1.3646,-1.36,re_entry
2018-11-12,DHR,2018-12-31,89.1799,86.1578,1.4636,-1.46,re_entry
2019-02-04,DLR,2019-03-25,84.5468,93.6781,3.4827,7.32,primary
2019-02-04,KDP,2019-03-25,22.8535,23.4401,1.7753,0.79,primary
2019-02-04,LLY,2019-03-25,110.0912,118.4957,1.7177,5.92,primary
2019-02-04,MO,2019-03-25,27.9205,33.2583,1.7753,17.34,primary
2019-02-04,NEE,2019-03-25,37.022,40.6806,1.5292,8.35,primary
2019-02-04,ORLY,2019-03-25,23.2147,25.8867,3.5368,7.97,primary
2019-02-04,PEP,2019-03-25,89.9547,99.0405,1.9192,8.18,primary
2019-02-11,HSY,2019-04-01,91.7967,98.4762,1.7291,5.55,primary
2019-02-11,MSFT,2019-04-01,99.1394,112.3972,2.8292,10.54,primary
2019-02-11,QCOM,2019-04-01,42.406,49.213,2.8188,13.23,primary
2019-02-11,WMT,2019-04-01,28.6592,29.7713,3.4447,0.44,primary
2019-02-18,AMZN,2019-04-08,80.05,92.153,2.6266,12.49,primary
2019-02-18,BRK-B,2019-04-08,205.1,210.56,2.3624,0.3,primary
2019-02-18,CI,2019-04-08,179.8301,146.0896,2.158,-2.16,primary
2019-02-18,VZ,2019-04-08,37.2537,39.7436,1.9393,4.74,primary
2019-03-04,ABBV,2019-04-22,59.5843,59.8487,1.4833,-1.04,primary
2019-03-04,BRK-B,2019-04-22,203.09,214.22,2.1501,3.33,primary
2019-03-04,CME,2019-04-22,139.6294,136.8689,2.4423,-2.44,primary
2019-03-04,ICE,2019-04-22,70.4362,74.2566,2.4423,2.98,primary
2019-03-11,DAL,2019-04-29,47.0423,54.5993,8.8186,7.25,primary
2019-03-11,TTWO,2019-04-29,87.56,101.62,2.8886,13.17,primary
2019-03-18,ABBV,2019-05-06,60.2809,58.1591,1.4079,-1.41,primary
2019-03-18,AMGN,2019-05-06,154.2893,138.7618,1.3707,-1.37,primary
2019-03-18,BRK-B,2019-05-06,204.67,209.02,2.0407,0.08,primary
2019-03-18,ICE,2019-05-06,68.4489,74.4121,2.3181,6.39,primary
2019-03-18,KDP,2019-05-06,23.3395,24.7816,1.4167,4.76,primary
2019-03-18,MCD,2019-05-06,158.1824,170.0984,2.8224,4.71,primary
2019-04-01,BRK-B,2019-05-20,202.16,201.69,2.1722,-2.17,primary
2019-04-01,GILD,2019-05-20,50.2544,51.2895,1.4986,0.56,primary
2019-04-01,ICE,2019-05-20,70.0677,74.842,2.4675,4.35,primary
2019-04-01,TSLA,2019-05-20,18.8413,12.7087,7.5329,-7.53,primary
2019-04-01,UNH,2019-05-20,221.8003,219.9528,1.9844,-1.98,primary
2019-04-08,CI,2019-05-27,151.1564,134.6463,1.8555,-1.86,primary
2019-04-08,CME,2019-05-27,130.0029,146.8925,2.3073,10.68,primary
2019-04-08,HCA,2019-05-27,125.7261,113.9419,1.8555,-1.86,primary
2019-04-08,UAL,2019-05-27,84.6,77.65,7.0439,-7.04,primary
2019-04-08,WBD,2019-05-27,29.42,27.26,2.0454,-2.05,primary
2019-04-29,CI,2019-06-17,146.3989,146.59,1.8425,-1.71,primary
2019-04-29,HCA,2019-06-17,118.4823,121.1856,1.8425,0.44,primary
2019-04-29,HUM,2019-06-17,242.1539,253.6041,1.8425,2.89,primary
2019-04-29,KDP,2019-06-17,24.0148,25.8264,1.4002,6.14,primary
2019-04-29,UNH,2019-06-17,210.8662,225.0754,1.8425,4.9,primary
2019-05-06,TSLA,2019-06-24,16.668,14.8973,7.0714,-7.07,primary
2019-05-20,BSX,2019-07-08,37.15,42.25,2.1201,11.61,primary
2019-05-20,MRK,2019-07-08,60.1558,61.6164,1.7406,0.69,primary
2019-05-27,VRTX,2019-07-15,172.24,174.13,1.6868,-0.59,primary
2019-06-10,BRK-B,2019-07-29,207.12,202.67,2.1722,-2.17,re_entry
2019-06-17,UAL,2019-08-05,87.27,86.98,7.0439,-7.04,re_entry
2019-06-24,AVGO,2019-08-12,23.203,23.0564,3.1926,-3.19,primary
2019-06-24,CRM,2019-08-12,155.5006,142.1627,3.323,-3.32,primary
2019-06-24,CSCO,2019-08-12,46.851,38.6726,1.6857,-1.69,primary
2019-06-24,CSX,2019-08-12,23.9473,19.8135,1.4591,-1.46,primary
2019-06-24,EMR,2019-08-12,56.3137,49.6906,1.6857,-1.69,primary
2019-06-24,ETN,2019-08-12,73.154,68.808,1.6857,-1.69,primary
2019-06-24,INTU,2019-08-12,251.6073,259.6035,2.5063,0.67,primary
2019-06-24,ITW,2019-08-12,129.6281,128.7747,1.6857,-1.69,primary
2019-06-24,LLY,2019-08-12,105.6796,101.4921,1.6389,-1.64,primary
2019-06-24,NFLX,2019-08-12,37.027,30.28,3.7196,-3.72,primary
2019-06-24,TXN,2019-08-12,92.6641,102.0668,2.7614,7.39,primary
2019-06-24,WMB,2019-08-12,19.1525,16.1138,2.5412,-2.54,primary
2019-07-08,CMCSA,2019-08-26,33.8656,34.7126,1.7273,0.77,primary
2019-07-08,CRM,2019-08-26,151.6771,154.1965,2.8655,-1.2,primary
2019-07-08,CSCO,2019-08-26,46.3231,38.5491,1.4536,-1.45,primary
2019-07-08,CSX,2019-08-26,23.7738,20.401,1.2582,-1.26,primary
2019-07-08,EPD,2019-08-26,17.5909,17.3563,2.1913,-2.19,primary
2019-07-08,ET,2019-08-26,8.003,7.6615,2.1913,-2.19,primary
2019-07-08,EW,2019-08-26,62.5067,73.9467,1.7641,16.54,primary
2019-07-08,GOOG,2019-08-26,55.8004,58.9213,2.4429,3.15,primary
2019-07-08,GOOGL,2019-08-26,55.832,59.0385,3.198,2.55,primary
2019-07-08,LLY,2019-08-26,103.2828,104.3235,1.4133,-0.41,primary
2019-07-08,ORLY,2019-08-26,25.7007,25.584,2.9101,-2.91,primary
2019-07-08,SPG,2019-08-26,112.1161,103.8793,2.9101,-2.91,primary
2019-07-08,VZ,2019-08-26,39.6199,40.1751,1.7273,-0.33,primary
2019-07-15,ITW,2019-09-02,129.9406,130.7206,1.3562,-0.76,primary
2019-07-15,O,2019-09-02,49.6018,53.5322,1.1739,6.75,primary
2019-07-15,PEG,2019-09-02,48.1484,48.1245,1.1739,-1.17,primary
2019-07-22,SCHW,2019-09-09,38.8739,39.8359,2.2895,0.19,primary
2019-07-29,CCL,2019-09-16,45.2363,46.9012,1.9401,1.74,primary
2019-07-29,LLY,2019-09-16,99.2422,107.2694,1.2941,6.79,primary
2019-07-29,LOW,2019-09-16,92.0491,98.5125,1.4951,5.53,primary
2019-07-29,RCL,2019-09-16,108.6719,106.6943,1.9401,-1.94,primary
2019-07-29,SPG,2019-09-16,109.2135,108.1338,2.6646,-2.66,primary
2019-07-29,VZ,2019-09-16,39.436,41.6464,1.5816,4.02,primary
2019-08-05,DUK,2019-09-23,67.634,74.3724,1.6685,8.29,primary
2019-08-05,O,2019-09-23,49.2783,54.3639,1.6685,8.65,primary
2019-09-09,ITW,2019-10-28,131.2093,149.1501,1.6857,11.99,re_entry
2019-09-09,ORLY,2019-10-28,26.7493,29.134,2.9101,6.0,re_entry
2019-09-16,PEG,2019-11-04,48.8201,49.3097,1.1739,-0.17,re_entry
2019-09-23,EPD,2019-11-11,17.7398,16.2797,2.1913,-2.19,re_entry
2019-11-04,ADI,2019-12-23,98.9446,106.9145,1.1654,6.89,primary
2019-11-04,AON,2019-12-23,188.0708,198.0844,1.9488,3.38,primary
2019-11-04,APD,2019-12-23,184.8904,202.5769,1.1654,8.4,primary
2019-11-04,ET,2019-12-23,7.2112,7.4894,2.0296,1.83,primary
2019-11-04,F,2019-12-23,6.591,6.9083,6.7582,-1.94,primary
2019-11-04,MA,2019-12-23,270.9352,290.3401,1.8489,5.31,primary
2019-11-04,MRK,2019-12-23,66.5846,71.6704,1.3414,6.3,primary
2019-11-04,NOW,2019-12-23,50.898,57.376,2.7298,10.0,primary
2019-11-04,ORCL,2019-12-23,50.5188,48.8733,1.9885,-1.99,primary
2019-11-04,PCG,2019-12-23,6.5738,10.3203,1.1654,55.83,primary
2019-11-04,ROP,2019-12-23,332.6908,344.5519,2.2137,1.35,primary
2019-11-11,AIG,2019-12-30,46.8524,43.6859,1.9124,-1.91,primary
2019-11-11,GIS,2019-12-30,42.0538,41.6449,1.3276,-1.33,primary
2019-11-11,INTU,2019-12-30,245.4336,253.8146,1.9643,1.45,primary
2019-11-11,OKE,2019-12-30,46.0916,50.6267,1.9917,7.85,primary
2019-11-11,PGR,2019-12-30,60.1905,61.1365,1.9124,-0.34,primary
2019-11-11,TEL,2019-12-30,83.8717,86.1827,1.3212,1.43,primary
2019-11-11,TRV,2019-12-30,115.9506,120.1814,1.9124,1.74,primary
2019-11-18,CL,2020-01-06,57.6574,60.5399,1.1282,3.87,primary
2019-11-18,DHR,2020-01-06,122.7641,136.2764,1.3714,9.64,primary
2019-11-18,EPD,2020-01-06,16.2178,17.6415,1.9884,6.79,primary
2019-11-18,ICE,2020-01-06,85.8878,87.0075,2.1687,-0.87,primary
2019-11-18,IQV,2020-01-06,146.24,159.3,1.3714,7.56,primary
2019-11-18,KMI,2020-01-06,14.014,14.8493,1.9884,3.97,primary
2019-11-18,MCO,2020-01-06,208.6324,235.4195,1.7574,11.08,primary
2019-11-18,MRK,2020-01-06,65.8611,70.1273,1.3142,5.16,primary
2019-11-18,PYPL,2020-01-06,103.2977,112.3294,1.3539,7.39,primary
2019-11-18,SRE,2020-01-06,59.4881,61.1483,1.1417,1.65,primary
2019-11-18,WM,2020-01-06,100.8532,104.9724,2.6405,1.44,primary
2019-11-18,WMB,2020-01-06,15.646,16.7927,1.9884,5.34,primary
2019-11-25,AEP,2020-01-13,73.271,78.847,1.1692,6.44,primary
2019-11-25,AMZN,2020-01-13,87.6625,93.236,2.1739,4.18,primary
2019-11-25,BDX,2020-01-13,173.1296,192.2278,1.6392,9.39,primary
2019-11-25,ET,2020-01-13,6.9187,7.8181,2.0362,10.96,primary
2019-11-25,IBM,2020-01-13,98.7491,101.569,1.3507,1.5,primary
2019-11-25,KMB,2020-01-13,106.3582,115.4202,1.1553,7.36,primary
2019-11-25,MSI,2020-01-13,153.0622,162.4903,1.3507,4.81,primary
2019-11-25,NEM,2020-01-13,31.632,36.409,1.1692,13.93,primary
2019-12-02,ADI,2020-01-20,100.7174,105.2318,1.1957,3.29,primary
2019-12-02,AMT,2020-01-20,180.6703,201.282,1.1957,10.21,primary
2019-12-02,CCI,2020-01-20,100.4765,113.8771,1.1957,12.14,primary
2019-12-02,CSCO,2020-01-20,37.5466,40.8318,1.3814,7.37,primary
2019-12-02,ECL,2020-01-20,174.7733,185.2265,1.1815,4.8,primary
2019-12-02,FANG,2020-01-20,60.2706,64.3487,2.0824,4.68,primary
2019-12-02,LHX,2020-01-20,177.0296,197.1534,1.1957,10.17,primary
2019-12-02,NOC,2020-01-20,317.7512,344.5367,1.1957,7.23,primary
2019-12-02,PG,2020-01-20,104.2671,107.0033,1.1815,1.44,primary
2019-12-02,SNPS,2020-01-20,141.79,154.05,2.2713,6.38,primary
2019-12-02,TEL,2020-01-20,83.7247,88.9208,1.3814,4.82,primary
2019-12-02,TTWO,2020-01-20,121.59,125.28,2.2713,0.76,primary
2019-12-02,WM,2020-01-20,101.3658,109.3086,2.7654,5.07,primary
2019-12-09,GD,2020-01-27,158.3642,152.6461,1.2904,-1.29,primary
2019-12-09,OKE,2020-01-27,46.951,50.1104,2.2474,4.48,primary
2019-12-16,AMZN,2020-02-03,88.35,103.964,2.225,15.45,primary
2019-12-16,CSCO,2020-02-03,38.003,40.0962,1.3825,4.13,primary
2019-12-16,DAL,2020-02-03,55.0859,55.8085,6.9395,-5.63,primary
2019-12-16,ET,2020-02-03,7.3857,7.2415,2.0841,-2.08,primary
2019-12-16,IBM,2020-02-03,99.0943,112.6579,1.3825,12.31,primary
2019-12-16,KMI,2020-02-03,14.0416,14.7522,2.0841,2.98,primary
2019-12-16,LHX,2020-02-03,177.3567,203.2365,1.1966,13.4,primary
2019-12-16,ROP,2020-02-03,338.9587,372.2162,2.2731,7.54,primary
2019-12-16,SNPS,2020-02-03,137.63,154.28,2.2731,9.82,primary
2019-12-16,SRE,2020-02-03,60.4699,64.7537,1.1966,5.89,primary
2019-12-23,AIG,2020-02-10,43.839,41.2362,1.9821,-1.98,primary
2019-12-23,CCI,2020-02-10,108.1187,126.0853,1.1853,15.43,primary
2019-12-23,CMCSA,2020-02-10,34.7332,36.4885,1.6271,3.43,primary
2019-12-23,EQIX,2020-02-10,513.6966,577.1158,2.6994,9.65,primary
2019-12-23,EXC,2020-02-10,25.939,28.3987,1.1853,8.3,primary
2019-12-23,GIS,2020-02-10,42.8876,43.1423,1.376,-0.78,primary
2019-12-23,ICE,2020-02-10,86.0658,89.4169,2.2515,1.64,primary
2019-12-23,MSI,2020-02-10,149.869,170.1387,1.3693,12.16,primary
2019-12-23,NOC,2020-02-10,314.6547,334.8769,1.1853,5.24,primary
2019-12-23,SO,2020-02-10,50.1801,54.3198,1.1853,7.06,primary
2019-12-30,WELL,2020-02-17,67.0197,72.4778,1.2724,6.87,primary
2020-01-06,AVB,2020-02-24,169.5443,162.6753,1.3283,-1.33,primary
2020-01-06,GD,2020-02-24,157.0751,138.9424,1.3283,-1.33,primary
2020-01-13,AEP,2020-03-02,75.511,78.6977,1.19,3.03,primary
2020-01-13,COST,2020-03-02,271.0916,284.8565,2.1597,2.92,primary
2020-01-13,HSY,2020-03-02,128.0523,135.568,1.3815,4.49,primary
2020-01-13,KMB,2020-03-02,112.0414,116.9857,1.1759,3.24,primary
2020-01-13,SO,2020-03-02,50.1723,53.1012,1.19,4.65,primary
2020-01-13,SRE,2020-03-02,61.1647,57.9268,1.19,-1.19,primary
2020-01-13,TTWO,2020-03-02,126.92,117.69,2.2605,-2.26,primary
2020-01-20,CB,2020-03-09,138.6063,110.3958,1.9172,-1.92,primary
2020-01-20,D,2020-03-09,63.9966,60.2996,1.1464,-1.15,primary
2020-01-20,GM,2020-03-09,33.6257,23.7847,6.6483,-6.65,primary
2020-01-20,ORCL,2020-03-09,50.4866,44.0128,1.9885,-1.99,re_entry
2020-01-20,PEP,2020-03-09,116.0663,105.9137,1.4388,-1.44,primary
2020-01-20,PG,2020-03-09,108.0892,98.1172,1.1328,-1.13,primary
2020-02-10,AFL,2020-03-30,45.5163,28.0721,1.6704,-1.67,primary
2020-02-10,AIG,2020-03-30,45.4721,17.6226,2.4511,-2.45,primary
2020-02-10,DG,2020-03-30,141.4384,148.8923,3.3899,1.88,primary
2020-02-10,EW,2020-03-30,76.9267,63.0233,2.055,-2.06,primary
2020-02-10,LUV,2020-03-30,52.7865,28.292,8.4999,-8.5,primary
2020-02-10,ORCL,2020-03-30,50.2478,45.3626,2.501,-2.5,primary
2020-02-10,PG,2020-03-30,108.7744,98.9859,1.4483,-1.45,primary
2020-02-10,T,2020-03-30,19.1029,13.6535,2.0121,-2.01,primary
2020-02-10,VZ,2020-03-30,42.2638,38.5755,2.0121,-2.01,primary
2020-02-10,WMT,2020-03-30,35.384,36.6859,3.3899,0.29,primary
2020-02-17,DE,2020-04-06,154.1747,134.9946,1.682,-1.68,primary
2020-02-17,GM,2020-04-06,32.5701,23.159,7.5164,-7.52,primary
2020-02-17,SHW,2020-04-06,183.8787,155.5894,1.2808,-1.28,primary
2020-02-17,UAL,2020-04-06,79.0,31.5,7.5164,-7.52,primary
2020-02-24,PEG,2020-04-13,48.3165,44.597,1.6182,-1.62,primary
2020-02-24,SPG,2020-04-13,100.7875,40.2892,3.7427,-3.74,primary
2020-02-24,T,2020-04-13,18.8891,15.8917,2.2215,-2.22,primary
2020-05-25,BRK-B,2020-07-13,179.99,190.76,4.4617,1.52,primary
2020-05-25,COST,2020-07-13,280.6197,297.8414,4.8422,1.29,primary
2020-05-25,DE,2020-07-13,133.7997,164.3226,3.4623,19.35,primary
2020-05-25,DUK,2020-07-13,67.3799,65.7365,2.668,-2.67,primary
2020-05-25,ETN,2020-07-13,72.6734,85.6628,3.0824,14.79,primary
2020-05-25,FDX,2020-07-13,110.1747,149.3987,6.1707,29.43,primary
2020-05-25,HON,2020-07-13,120.5119,129.9252,3.0824,4.73,primary
2020-05-25,HSY,2020-07-13,114.9589,119.0163,3.0975,0.43,primary
2020-05-25,LHX,2020-07-13,164.2251,151.6017,2.668,-2.67,primary
2020-05-25,MCD,2020-07-13,165.1266,167.8848,6.1707,-4.5,primary
2020-05-25,MDT,2020-07-13,81.9235,83.3063,3.7408,-2.05,primary
2020-05-25,MSI,2020-07-13,127.6703,128.134,3.0824,-2.72,primary
2020-05-25,NOC,2020-07-13,301.9122,279.2004,2.668,-2.67,primary
2020-05-25,PEG,2020-07-13,40.3104,45.3885,2.668,9.93,primary
2020-05-25,PM,2020-07-13,53.1964,56.6568,3.0975,3.41,primary
2020-05-25,PSA,2020-07-13,147.7396,150.8082,2.668,-0.59,primary
2020-05-25,RTX,2020-07-13,54.7861,54.4708,2.668,-2.67,primary
2020-05-25,SCHW,2020-07-13,31.6401,30.937,4.4617,-4.46,primary
2020-05-25,SO,2020-07-13,44.5936,43.8544,2.668,-2.67,primary
2020-05-25,TRV,2020-07-13,91.5752,105.9106,4.4617,11.19,primary
2020-05-25,WEC,2020-07-13,71.8402,74.9705,2.668,1.69,primary
2020-05-25,XEL,2020-07-13,50.5793,55.5148,2.668,7.09,primary
2020-06-01,ALL,2020-07-20,85.5894,82.1087,4.3588,-4.36,primary
2020-06-01,PG,2020-07-20,100.4427,109.0669,2.5756,6.01,primary
2020-06-22,DLR,2020-08-10,114.8347,126.0034,7.5781,2.15,primary
2020-06-22,HSY,2020-08-10,113.0131,127.4539,3.863,8.91,primary
2020-06-22,PM,2020-08-10,54.6331,58.6805,3.863,3.55,primary
2020-07-06,BMY,2020-08-24,48.124,50.3606,3.0257,1.62,primary
2020-07-06,COST,2020-08-24,282.0136,320.152,4.7597,8.76,primary
2020-07-06,GILD,2020-08-24,62.2457,52.4082,3.0257,-3.03,primary
2020-07-06,HSY,2020-08-24,114.7582,130.8972,3.0447,11.02,primary
2020-07-06,PM,2020-08-24,53.7496,60.9685,3.0447,10.39,primary
2020-07-06,SO,2020-08-24,42.5768,42.6146,2.6225,-2.53,primary
2020-07-06,WEC,2020-08-24,75.2521,78.065,2.6225,1.12,primary
2020-07-13,BIIB,2020-08-31,279.28,276.0,2.9043,-2.9,primary
2020-07-20,BAX,2020-09-07,78.128,74.4021,3.4113,-3.41,primary
2020-07-20,MSI,2020-09-07,127.678,143.1923,2.8109,9.34,primary
2020-08-03,BMY,2020-09-21,47.7283,48.0351,2.6737,-2.03,primary
2020-08-31,BAX,2020-10-19,77.2224,72.6025,3.05,-3.05,primary
2020-08-31,BIIB,2020-10-19,281.65,265.0,2.4435,-2.44,primary
2020-09-07,GILD,2020-10-26,52.2957,47.1876,3.3613,-3.36,primary
2020-09-14,BAX,2020-11-02,74.8408,70.6686,3.5694,-3.57,primary
2020-09-21,BIIB,2020-11-09,272.23,248.59,2.7489,-2.75,primary
2020-09-21,IFF,2020-11-09,103.2964,96.8538,2.4183,-2.42,primary
2020-09-21,LLY,2020-11-09,144.3711,134.201,2.7489,-2.75,primary
2020-10-05,CI,2020-11-23,153.9441,193.34,3.9991,21.59,primary
2020-10-05,D,2020-11-23,62.723,62.2817,2.6178,-2.62,primary
2020-10-05,GILD,2020-11-23,51.6995,48.7132,3.0202,-3.02,primary
2020-10-12,COP,2020-11-30,28.7126,36.6905,5.7293,22.06,primary
2020-10-12,IFF,2020-11-30,103.7701,100.1609,3.1897,-3.19,primary
2020-10-12,LLY,2020-11-30,147.8208,140.6412,4.5082,-4.51,primary
2020-10-12,VRTX,2020-11-30,273.14,228.32,4.5082,-4.51,primary
2020-10-19,BAX,2020-12-07,73.3009,71.2643,4.3721,-4.37,primary
2020-10-26,C,2020-12-14,35.6396,49.1458,4.6608,33.24,primary
2020-11-16,EA,2021-01-04,115.8364,137.9828,4.7284,14.39,primary
2020-11-16,JNJ,2021-01-04,129.3453,138.1147,3.9195,2.86,primary
2020-11-16,KMB,2021-01-04,113.5997,108.3896,4.3801,-4.38,primary
2020-11-16,MO,2021-01-04,26.6414,27.7064,3.9801,0.02,primary
2020-11-16,ORLY,2021-01-04,30.9227,31.8613,3.9491,-0.91,primary
2020-11-16,ROP,2021-01-04,386.9501,418.0807,4.7284,3.32,primary
2020-11-23,AMD,2021-01-11,85.52,88.21,6.1951,-3.05,primary
2020-11-23,TTWO,2021-01-11,170.05,196.28,4.8512,10.57,primary
2020-11-30,ADBE,2021-01-18,480.0,472.44,4.211,-4.21,primary
2020-11-30,AMGN,2021-01-18,190.3331,215.0823,3.0177,9.99,primary
2020-11-30,AMT,2021-01-18,200.9306,193.3512,3.2079,-3.21,primary
2020-11-30,AMZN,2021-01-18,160.424,164.6115,5.2016,-2.59,primary
2020-11-30,AON,2021-01-18,197.9066,198.8989,4.0113,-3.51,primary
2020-11-30,APD,2021-01-18,244.3801,250.5412,3.2079,-0.69,primary
2020-11-30,MCO,2021-01-18,268.2088,255.2319,4.8998,-4.9,primary
2020-11-30,MSFT,2021-01-18,204.9697,216.3143,4.2658,1.27,primary
2020-11-30,NFLX,2021-01-18,49.008,56.517,5.7335,9.59,primary
2020-11-30,PYPL,2021-01-18,211.3799,250.6599,3.7005,14.88,primary
2020-11-30,SPGI,2021-01-18,328.59,301.6102,4.8998,-4.9,primary
2020-12-07,AAPL,2021-01-25,118.9516,128.3367,3.1971,4.69,primary
2020-12-07,BAX,2021-01-25,69.8721,69.0098,3.1771,-3.18,primary
2020-12-07,BSX,2021-01-25,34.36,35.44,3.1771,-0.03,primary
2020-12-07,CMG,2021-01-25,26.6714,29.6,3.5542,7.43,primary
2020-12-07,JNJ,2021-01-25,128.8892,140.7814,3.5275,5.7,primary
2020-12-07,ORLY,2021-01-25,29.868,28.3647,3.5542,-3.55,primary
2020-12-14,PGR,2021-02-01,80.6304,78.1695,4.4867,-4.49,primary
2020-12-21,ADBE,2021-02-08,498.05,498.84,4.3585,-4.2,primary
2020-12-21,AMZN,2021-02-08,160.0005,163.8855,5.3838,-2.96,primary
2020-12-21,APD,2021-02-08,233.2775,230.1782,3.3203,-3.32,primary
2020-12-21,BSX,2021-02-08,34.93,38.39,3.2963,6.61,primary
2020-12-21,CMG,2021-02-08,28.0,30.554,3.6876,5.43,primary
2020-12-21,EQIX,2021-02-08,633.5033,641.1633,4.3585,-3.15,primary
2020-12-21,HD,2021-02-08,236.1855,244.0565,3.8546,-0.52,primary
2020-12-21,MA,2021-02-08,323.4217,331.4024,3.9455,-1.48,primary
2020-12-21,MCO,2021-02-08,269.1275,266.6872,5.0714,-5.07,primary
2020-12-21,MSFT,2021-02-08,208.2725,234.5423,4.4152,8.2,primary
2020-12-21,NEM,2021-02-08,51.6546,50.2313,3.3203,-3.32,primary
2020-12-21,NOC,2021-02-08,274.5038,272.9706,3.3203,-3.32,primary
2020-12-21,REGN,2021-02-08,490.685,482.3613,3.1234,-3.12,primary
2020-12-28,HUM,2021-02-15,386.9666,358.2121,6.2563,-6.26,primary
2021-01-04,AMGN,2021-02-22,196.2043,192.2526,3.8368,-3.84,primary
2021-01-04,AMT,2021-02-22,195.2078,186.6247,1.9523,-1.95,primary
2021-01-04,CCI,2021-02-22,124.0609,122.0239,1.9523,-1.95,primary
2021-01-04,GILD,2021-02-22,48.1485,50.3889,3.4834,1.17,primary
2021-01-04,MCD,2021-02-22,190.2838,182.8761,2.6185,-2.62,primary
2021-01-04,PG,2021-02-22,122.3683,108.8883,4.2183,-4.22,primary
2021-01-04,PLD,2021-02-22,85.8486,85.4347,1.9523,-1.95,primary
2021-01-04,SPGI,2021-02-22,317.4688,315.2197,3.4693,-3.47,primary
2021-01-04,ZTS,2021-02-22,158.0299,148.0156,3.582,-3.58,primary
2021-01-11,CMG,2021-03-01,27.8272,26.6456,2.4815,-2.48,primary
2021-01-11,DG,2021-03-01,199.1963,165.2893,2.4815,-2.48,primary
2021-01-11,HD,2021-03-01,235.2269,222.9585,2.4708,-2.47,primary
2021-01-18,CCI,2021-03-08,124.4683,124.3195,2.0887,-2.09,primary
2021-01-18,KMB,2021-03-08,108.7515,110.7636,4.5131,-2.66,primary
2021-01-18,NOC,2021-03-08,278.6071,278.3745,2.0887,-2.09,primary
2021-01-18,PGR,2021-03-08,84.8988,83.1472,4.0947,-4.09,primary
2021-01-18,PLD,2021-03-08,84.8569,87.3491,2.0887,0.85,primary
2021-01-25,AEP,2021-03-15,67.3985,69.7627,1.8802,1.63,primary
2021-01-25,AMZN,2021-03-15,166.425,153.748,3.4656,-3.47,primary
2021-01-25,CRM,2021-03-15,226.9327,209.6527,3.9125,-3.91,primary
2021-01-25,D,2021-03-15,57.2307,58.7876,1.8802,0.84,primary
2021-01-25,MCD,2021-03-15,188.27,198.5508,2.5218,2.94,primary
2021-01-25,META,2021-03-15,275.9743,287.8511,4.9179,-0.61,primary
2021-01-25,MSFT,2021-03-15,219.3491,221.0346,2.8551,-2.09,primary
2021-01-25,NVDA,2021-03-15,13.7424,12.8135,4.2299,-4.23,primary
2021-01-25,SPGI,2021-03-15,302.4716,333.2263,3.3412,6.83,primary
2021-02-01,CSGP,2021-03-22,91.265,81.647,3.8789,-3.88,primary
2021-02-01,DUK,2021-03-22,76.6594,78.9231,2.0697,0.88,primary
2021-02-01,PSA,2021-03-22,182.9988,196.967,2.0697,5.56,primary
2021-02-08,ADBE,2021-03-29,494.26,483.34,2.4464,-2.45,primary
2021-02-08,GLW,2021-03-29,32.6489,38.5079,2.7381,15.21,primary
2021-02-08,HD,2021-03-29,245.9737,272.3472,1.8663,8.86,primary
2021-02-08,ITW,2021-03-29,180.8098,197.1807,2.7381,6.32,primary
2021-02-08,LOW,2021-03-29,160.3527,174.3306,1.8663,6.85,primary
2021-02-08,MCD,2021-03-29,188.5451,201.0233,2.2612,4.36,primary
2021-02-08,MCO,2021-03-29,266.534,293.7986,2.0787,8.15,primary
2021-02-08,META,2021-03-29,266.6574,296.3345,4.6845,6.44,primary
2021-02-08,NOC,2021-03-29,276.3121,297.2377,1.3054,6.27,primary
2021-02-08,NVDA,2021-03-29,13.688,13.777,3.2699,-2.62,primary
2021-02-08,ORLY,2021-03-29,30.1533,33.8547,2.2612,10.01,primary
2021-02-08,WMT,2021-03-29,45.0065,42.3262,2.2612,-2.26,primary
2021-02-08,ZTS,2021-03-29,152.9354,150.5423,2.4701,-2.47,primary
2021-02-15,DG,2021-04-05,183.6117,191.1404,2.1637,1.94,primary
2021-02-15,DHR,2021-04-05,214.4715,201.2845,2.2728,-2.27,primary
2021-02-15,SHW,2021-04-05,229.6827,244.2372,1.4737,4.86,primary
2021-02-22,AEP,2021-04-12,65.7606,73.8316,1.3792,10.89,primary
2021-02-22,APD,2021-04-12,232.1128,255.3242,1.3792,8.62,primary
2021-02-22,COST,2021-04-12,333.9661,350.9792,2.1006,2.99,primary
2021-02-22,GLW,2021-04-12,32.8925,40.0924,2.893,19.0,primary
2021-02-22,ORLY,2021-04-12,30.5913,35.368,2.3891,13.23,primary
2021-02-22,PAYX,2021-04-12,77.8431,84.3863,2.1963,6.21,primary
2021-02-22,PG,2021-04-12,111.7619,120.9821,1.6272,6.62,primary
2021-02-22,TDG,2021-04-12,494.8531,513.2213,2.6097,1.1,primary
2021-02-22,XEL,2021-04-12,53.0656,60.0491,1.3792,11.78,primary
2021-03-01,CHTR,2021-04-19,618.39,657.54,2.964,3.37,primary
2021-03-01,HUM,2021-04-19,362.5459,427.0868,3.7138,14.09,primary
2021-03-01,MA,2021-04-19,350.5285,376.6125,2.9194,4.52,primary
2021-03-01,SBUX,2021-04-19,96.8237,104.8122,3.3565,4.89,primary
2021-03-01,V,2021-04-19,207.2091,221.6964,2.7465,4.25,primary
2021-03-08,MCO,2021-04-26,276.246,313.3653,5.0714,8.37,re_entry
2021-03-15,AMGN,2021-05-03,196.5948,217.2885,3.8368,6.69,re_entry
2021-03-15,CMG,2021-05-03,29.14,28.521,2.4815,-2.48,re_entry
2021-03-15,PLD,2021-05-03,87.3061,100.673,1.9523,13.36,re_entry
2021-04-05,AMD,2021-05-24,81.74,80.08,3.9359,-3.94,primary
2021-04-05,AMZN,2021-05-24,158.65,161.1535,2.7734,-1.2,primary
2021-04-05,CRM,2021-05-24,216.9737,235.2417,2.748,5.67,primary
2021-04-05,NVDA,2021-05-24,13.8326,16.2037,3.9359,13.21,primary
2021-04-05,TDG,2021-05-24,506.2979,539.2776,2.1861,4.33,primary
2021-04-12,ADBE,2021-05-31,499.29,504.5,2.4464,-1.4,re_entry
2021-04-12,AVGO,2021-05-31,43.6022,42.9752,3.3984,-3.4,primary
2021-04-12,BDX,2021-05-31,174.5163,169.7894,2.1053,-2.11,primary
2021-04-12,CHTR,2021-05-31,612.34,682.65,3.1041,8.38,primary
2021-04-12,CMG,2021-05-31,31.1062,26.5268,1.8851,-1.89,primary
2021-04-12,NKE,2021-05-31,124.9093,124.2232,2.3663,-2.37,primary
2021-04-12,TJX,2021-05-31,64.4572,61.2301,1.8851,-1.89,primary
2021-04-19,ABT,2021-06-07,113.2236,100.6829,2.0498,-2.05,primary
2021-04-19,UBER,2021-06-07,60.0,50.01,7.0716,-7.07,primary
2021-04-19,ZTS,2021-06-07,159.705,173.9797,2.4701,6.47,re_entry
2021-04-26,ENPH,2021-06-14,167.35,165.85,4.5698,-4.57,primary
2021-05-03,CTSH,2021-06-21,74.5657,65.3366,2.6308,-2.63,primary
2021-05-03,FCX,2021-06-21,35.9392,34.8445,1.7793,-1.78,primary
2021-05-03,NKE,2021-06-21,123.63,143.3666,2.7674,13.2,primary
2021-05-03,PCG,2021-06-21,11.1705,10.0534,1.7793,-1.78,primary
2021-05-03,TDG,2021-06-21,512.9969,559.5408,6.2856,2.79,primary
2021-05-10,CTAS,2021-06-28,85.9707,91.7676,2.3594,4.38,primary
2021-05-10,PCAR,2021-06-28,52.6113,49.0803,2.1202,-2.12,primary
2021-05-24,ADI,2021-07-12,147.6964,147.8142,1.9035,-1.82,primary
2021-05-24,AMD,2021-07-12,77.26,85.89,6.0708,5.1,primary
2021-05-24,ENPH,2021-07-12,143.7,163.45,6.0708,7.67,primary
2021-05-24,PANW,2021-07-12,60.1583,64.7167,4.5426,3.03,primary
2021-05-24,SNPS,2021-07-12,245.0,276.56,2.9348,9.95,primary
2021-05-24,TTWO,2021-07-12,184.36,170.52,2.9348,-2.93,primary
2021-05-31,APTV,2021-07-19,152.22,157.39,6.6555,-3.26,primary
2021-05-31,AVGO,2021-07-19,43.015,44.0548,4.0259,-1.61,primary
2021-05-31,CDNS,2021-07-19,126.12,145.67,2.4411,13.06,primary
2021-05-31,EMR,2021-07-19,88.0085,89.4343,1.757,-0.14,primary
2021-05-31,IDXX,2021-07-19,565.64,693.74,1.8172,20.83,primary
2021-05-31,MCHP,2021-07-19,71.3996,62.913,3.5463,-3.55,primary
2021-05-31,NFLX,2021-07-19,50.401,51.541,3.1149,-0.85,primary
2021-05-31,NKE,2021-07-19,128.0407,154.5219,2.447,18.23,primary
2021-05-31,NOW,2021-07-19,95.52,117.236,3.5723,19.16,primary
2021-05-31,PYPL,2021-07-19,259.6915,306.8892,2.3422,15.83,primary
2021-05-31,QCOM,2021-07-19,121.1064,130.5361,3.5463,4.24,primary
2021-05-31,TDG,2021-07-19,543.3004,538.2803,2.0506,-2.05,primary
2021-05-31,TEL,2021-07-19,127.5548,128.5771,1.757,-0.96,primary
2021-05-31,TMO,2021-07-19,460.7184,525.3944,1.8172,12.22,primary
2021-05-31,TSLA,2021-07-19,209.2667,214.46,6.6555,-4.17,primary
2021-05-31,UBER,2021-07-19,51.62,47.46,6.6555,-6.66,primary
2021-06-07,AMD,2021-07-26,81.4,106.19,3.9359,26.52,re_entry
2021-06-28,ENPH,2021-08-16,179.02,165.99,4.5698,-4.57,re_entry
2021-07-05,BDX,2021-08-23,175.5762,175.9302,2.1053,-1.9,re_entry
2021-08-16,AJG,2021-10-04,133.5914,148.7112,1.9558,9.36,primary
2021-08-16,HON,2021-10-04,198.8628,186.718,1.9879,-1.99,primary
2021-08-16,MMM,2021-10-04,141.3981,125.3737,1.9256,-1.93,primary
2021-08-16,NSC,2021-10-04,243.9653,240.488,1.4555,-1.46,primary
2021-08-16,PCG,2021-10-04,9.1143,10.5872,1.4555,14.7,primary
2021-08-16,VZ,2021-10-04,42.0834,40.0665,2.0477,-2.05,primary
2021-08-30,AMAT,2021-10-18,132.3009,130.7237,5.8711,-5.87,primary
2021-08-30,AVGO,2021-10-18,45.5912,47.3407,3.5852,0.25,primary
2021-08-30,BKNG,2021-10-18,2257.8209,2350.6768,2.5858,1.53,primary
2021-08-30,CAT,2021-10-18,196.3859,184.8083,3.3979,-3.4,primary
2021-08-30,COF,2021-10-18,158.8677,154.8993,2.729,-2.73,primary
2021-08-30,CVX,2021-10-18,82.5482,93.9694,3.7762,10.06,primary
2021-08-30,DE,2021-10-18,358.7325,321.7518,3.3979,-3.4,primary
2021-08-30,DIS,2021-10-18,176.3471,165.522,2.8797,-2.88,primary
2021-08-30,DOW,2021-10-18,49.9846,45.3953,1.544,-1.54,primary
2021-08-30,FCX,2021-10-18,34.9553,35.3951,1.544,-0.29,primary
2021-08-30,GD,2021-10-18,181.645,191.5011,1.544,3.88,primary
2021-08-30,GE,2021-10-18,64.7601,63.4207,1.544,-1.54,primary
2021-08-30,HLT,2021-10-18,126.2567,139.8399,2.5858,8.17,primary
2021-08-30,HON,2021-10-18,198.3139,186.4606,2.1089,-2.11,primary
2021-08-30,JPM,2021-10-18,145.4067,153.9641,2.0748,3.81,primary
2021-08-30,LRCX,2021-10-18,58.402,53.0174,5.8711,-5.87,primary
2021-08-30,LVS,2021-10-18,41.8608,36.0951,2.8797,-2.88,primary
2021-08-30,MAR,2021-10-18,131.1847,148.9532,2.5858,10.96,primary
2021-08-30,MCHP,2021-10-18,72.4061,68.1725,3.5463,-3.55,re_entry
2021-08-30,MU,2021-10-18,72.2883,65.9337,5.8711,-5.87,primary
2021-08-30,NEM,2021-10-18,50.6604,50.4253,1.544,-1.54,primary
2021-08-30,PH,2021-10-18,287.3927,282.1688,2.1089,-2.11,primary
2021-08-30,PM,2021-10-18,81.4954,78.2834,2.2786,-2.28,primary
2021-08-30,PNC,2021-10-18,164.8546,183.8146,2.0748,9.43,primary
2021-08-30,SYK,2021-10-18,261.5543,263.8072,2.3884,-1.53,primary
2021-08-30,TTWO,2021-10-18,158.99,180.75,2.6302,11.06,primary
2021-08-30,TXN,2021-10-18,167.8117,174.5456,3.2863,0.73,primary
2021-08-30,UBER,2021-10-18,40.58,45.51,5.3212,6.83,primary
2021-08-30,USB,2021-10-18,47.697,51.7944,2.0748,6.52,primary
2021-08-30,ZBH,2021-10-18,140.437,140.8294,2.3884,-2.11,primary
2021-09-06,AMGN,2021-10-25,193.4339,179.5292,4.7492,-4.75,primary
2021-09-06,BAX,2021-10-25,74.7065,71.6485,2.3913,-2.39,primary
2021-09-06,ELV,2021-10-25,354.8229,407.8638,2.2623,12.69,primary
2021-09-06,FDX,2021-10-25,242.84,214.7726,3.1584,-3.16,primary
2021-09-06,HD,2021-10-25,295.9825,332.3823,3.402,8.9,primary
2021-09-06,SRE,2021-10-25,57.2706,55.4159,1.5459,-1.55,primary
2021-09-06,T,2021-10-25,15.7124,14.822,2.175,-2.17,primary
2021-09-06,VZ,2021-10-25,41.677,40.3519,2.175,-2.17,primary
2021-10-18,NSC,2021-12-06,248.9407,263.868,1.4555,4.54,re_entry
2021-11-08,AMAT,2021-12-27,148.9287,151.5772,5.8711,-4.09,re_entry
2021-11-08,BDX,2021-12-27,172.2226,179.2477,2.0325,2.05,primary
2021-11-08,DIS,2021-12-27,174.5788,151.3264,3.3343,-3.33,primary
2021-11-08,DOW,2021-12-27,45.8072,44.6318,1.4751,-1.48,primary
2021-11-08,GE,2021-12-27,66.6816,57.6319,1.544,-1.54,re_entry
2021-11-08,GLW,2021-12-27,34.1329,33.1724,3.9284,-3.93,primary
2021-11-08,MA,2021-12-27,339.4439,350.4755,3.3974,-0.15,primary
2021-11-08,NEM,2021-12-27,49.7426,54.82,1.4751,8.73,primary
2021-11-08,SBUX,2021-12-27,104.7031,105.5607,2.6167,-1.8,primary
2021-11-08,SO,2021-12-27,53.6368,58.6884,1.4751,7.94,primary
2021-11-08,SYK,2021-12-27,265.8355,255.8565,2.0325,-2.03,primary
2021-11-08,TXN,2021-12-27,171.1831,166.2692,4.7995,-4.8,primary
2021-11-08,WELL,2021-12-27,75.4662,77.1871,1.4751,0.81,primary
2021-11-08,YUM,2021-12-27,116.1141,128.0356,2.6167,7.65,primary
2021-11-15,C,2022-01-03,59.5392,56.4092,2.9003,-2.9,primary
2021-11-15,CARR,2022-01-03,52.7201,48.8922,3.8831,-3.88,primary
2021-11-15,CHTR,2022-01-03,689.71,610.49,2.213,-2.21,primary
2021-11-15,DHR,2022-01-03,263.7838,256.6718,1.7663,-1.77,primary
2021-11-15,HSY,2022-01-03,159.4616,176.2496,1.3589,9.17,primary
2021-11-15,IQV,2022-01-03,254.91,256.91,1.7663,-0.98,primary
2021-11-15,LRCX,2022-01-03,60.1842,63.8752,5.8711,0.26,re_entry
2021-11-15,MSI,2022-01-03,238.1413,240.1895,3.8831,-3.02,primary
2021-11-15,PM,2022-01-03,76.7643,81.2006,1.3589,4.42,primary
2021-11-15,PSA,2022-01-03,268.5962,292.0156,1.4581,7.26,primary
2021-11-15,T,2022-01-03,14.6519,15.4264,2.213,3.07,primary
2021-11-15,VZ,2022-01-03,39.9331,41.3038,2.213,1.22,primary
2021-11-15,WAT,2022-01-03,357.91,347.03,1.7663,-1.77,primary
2021-11-22,AEP,2022-01-10,71.2987,77.8629,1.6031,7.6,primary
2021-11-22,EQIX,2022-01-10,722.3727,685.0281,3.8848,-3.88,primary
2021-11-22,IDXX,2022-01-10,644.66,529.35,1.9419,-1.94,primary
2021-11-22,SO,2022-01-10,53.5624,58.7569,1.6031,8.09,primary
2021-11-22,TXN,2022-01-10,172.6476,164.9812,5.2159,-5.22,primary
2021-11-22,XEL,2022-01-10,56.5123,60.0617,1.6031,4.68,primary
2021-11-22,YUM,2022-01-10,116.8213,117.1554,2.8438,-2.56,primary
2021-11-29,DOW,2022-01-17,45.0066,44.6318,2.5618,-2.56,primary
2021-11-29,DUK,2022-01-17,84.6725,87.2655,2.5618,0.5,primary
2021-11-29,IBM,2022-01-17,100.7199,109.8307,6.8222,2.22,primary
2021-11-29,VZ,2022-01-17,39.3011,40.9691,3.888,0.36,primary
2022-01-03,BLK,2022-02-21,826.0184,675.3843,3.9578,-3.96,primary
2022-01-03,CARR,2022-02-21,50.1277,42.658,2.5779,-2.58,primary
2022-01-03,ETN,2022-02-21,162.4424,144.3891,2.5779,-2.58,primary
2022-01-03,GLW,2022-02-21,33.3239,36.6206,2.5779,7.31,primary
2022-01-03,IFF,2022-02-21,134.0714,124.0946,2.5283,-2.53,primary
2022-01-03,LHX,2022-02-21,195.832,214.2162,1.5101,7.88,primary
2022-01-03,TGT,2022-02-21,201.828,174.7627,2.2277,-2.23,primary
2022-01-03,USB,2022-02-21,46.6756,47.7243,2.959,-0.71,primary
2022-08-01,AEP,2022-09-19,85.5135,85.7116,2.5948,-2.36,primary
2022-08-01,CB,2022-09-19,177.696,172.6219,3.9242,-3.92,primary
2022-08-01,D,2022-09-19,68.4034,65.4959,2.5948,-2.59,primary
2022-08-01,DUK,2022-09-19,94.8853,90.3908,2.5948,-2.59,primary
2022-08-01,ELV,2022-09-19,448.8919,430.0393,2.8452,-2.85,primary
2022-08-01,HSY,2022-09-19,206.5787,204.2284,2.7819,-2.78,primary
2022-08-01,LHX,2022-09-19,222.6417,205.0228,2.5948,-2.59,primary
2022-08-01,NOC,2022-09-19,453.2521,452.4339,2.5948,-2.59,primary
2022-08-01,TRV,2022-09-19,147.0831,145.6271,3.9242,-3.92,primary
2022-08-01,XEL,2022-09-19,64.4399,63.6169,2.5948,-2.59,primary
2022-08-08,PG,2022-09-26,132.5628,115.3972,2.8951,-2.9,primary
2022-08-08,REGN,2022-09-26,615.6211,684.2474,3.7017,7.45,primary
2022-08-15,ABBV,2022-10-03,125.9143,122.087,3.8183,-3.82,primary
2022-08-15,AMGN,2022-10-03,221.4948,205.2463,3.771,-3.77,primary
2022-08-15,BAX,2022-10-03,55.3441,51.2822,2.5761,-2.58,primary
2022-08-15,BMY,2022-10-03,64.7981,59.8599,3.8183,-3.82,primary
2022-08-15,OXY,2022-10-03,59.8078,65.9676,3.8133,6.49,primary
2022-08-15,WELL,2022-10-03,75.462,53.9038,2.2267,-2.23,primary
2022-08-15,XOM,2022-10-03,80.4681,89.8011,4.538,7.06,primary
2022-08-22,JNJ,2022-10-10,151.36,148.3713,2.1681,-2.17,primary
2022-09-12,ABBV,2022-10-31,124.0666,129.1242,2.2969,1.78,primary
2022-09-12,AMGN,2022-10-31,213.2848,241.1015,3.509,9.53,primary
2022-09-12,BAX,2022-10-31,55.1177,46.6353,2.1857,-2.19,primary
2022-09-12,BRK-B,2022-10-31,286.7,287.47,2.3109,-2.04,primary
2022-09-12,CB,2022-10-31,186.6385,200.264,2.3109,4.99,primary
2022-09-12,CME,2022-10-31,170.1569,144.3517,3.4139,-3.41,primary
2022-09-12,CTSH,2022-10-31,62.3216,49.614,3.7222,-3.72,primary
2022-09-12,DOW,2022-10-31,41.8182,39.9756,2.7357,-2.74,primary
2022-09-12,ELV,2022-10-31,467.4385,499.0294,2.1938,4.56,primary
2022-09-12,EXC,2022-10-31,40.3739,32.6752,2.7357,-2.74,primary
2022-09-12,JNJ,2022-10-31,149.8599,154.7045,2.6118,0.62,primary
2022-09-12,LHX,2022-10-31,219.6839,213.3394,2.7357,-2.74,primary
2022-09-12,LLY,2022-10-31,310.0213,347.4701,3.509,8.57,primary
2022-09-12,NOC,2022-10-31,463.9899,493.962,2.7357,3.72,primary
2022-09-12,PM,2022-10-31,81.9532,76.7128,2.5509,-2.55,primary
2022-09-12,TRV,2022-10-31,154.3752,171.4593,2.3109,8.76,primary
2022-09-12,WELL,2022-10-31,71.7951,56.0655,2.7357,-2.74,primary
2022-09-19,BMY,2022-11-07,61.0193,65.7329,2.6506,5.07,primary
2022-10-24,ABBV,2022-12-12,132.1728,142.6339,3.8183,4.1,re_entry
2022-10-24,AMGN,2022-12-12,228.4747,241.2913,3.771,1.84,re_entry
2022-10-31,BMY,2022-12-19,66.2781,63.0763,3.8183,-3.82,re_entry
2022-11-14,AAPL,2023-01-02,146.6188,127.5742,3.3946,-3.39,primary
2022-11-14,AMZN,2023-01-02,98.77,86.08,4.4946,-4.49,primary
2022-11-14,BDX,2023-01-02,168.8443,192.0906,3.0048,10.76,primary
2022-11-14,CDNS,2023-01-02,166.03,159.66,3.2365,-3.24,primary
2022-11-14,EW,2023-01-02,74.39,77.01,3.0048,0.52,primary
2022-11-14,GOOG,2023-01-02,94.7223,87.4421,3.8663,-3.87,primary
2022-11-14,GOOGL,2023-01-02,94.3105,86.624,3.9178,-3.92,primary
2022-11-14,META,2023-01-02,110.1258,129.0076,5.7026,11.44,primary
2022-11-14,MSFT,2023-01-02,235.1385,219.1775,3.2365,-3.24,primary
2022-11-14,NOW,2023-01-02,80.302,73.306,4.7701,-4.77,primary
2022-11-14,PANW,2023-01-02,82.84,67.425,4.2708,-4.27,primary
2022-11-14,PSA,2023-01-02,257.3671,242.2455,2.6066,-2.61,primary
2022-11-14,QCOM,2023-01-02,111.3649,107.0624,6.6132,-6.61,primary
2022-11-14,SNPS,2023-01-02,329.99,320.54,3.2365,-3.24,primary
2022-11-14,WM,2023-01-02,150.2716,151.6168,2.9936,-2.1,primary
2022-11-14,ZTS,2023-01-02,143.6742,142.3628,3.0048,-3.0,primary
2022-11-21,EXR,2023-01-09,134.8039,131.8128,2.6761,-2.68,primary
2022-11-28,AMZN,2023-01-16,93.93,97.25,4.0914,-0.56,primary
2022-11-28,D,2023-01-16,51.4701,53.1632,2.3728,0.92,primary
2022-11-28,INTU,2023-01-16,385.932,390.3307,3.86,-2.72,primary
2022-11-28,TSLA,2023-01-16,179.96,133.42,6.0455,-6.05,primary
2022-12-26,EXR,2023-02-13,127.4219,137.9652,2.9317,5.34,primary
2023-01-02,EPD,2023-02-20,19.0954,20.9575,3.6888,6.06,primary
2023-01-09,DVN,2023-02-27,55.2203,49.9176,3.5968,-3.6,primary
2023-01-09,MCK,2023-02-27,380.0464,340.3561,3.0768,-3.08,primary
2023-01-16,CMG,2023-03-06,30.2998,31.0142,1.9677,0.39,primary
2023-01-16,PSA,2023-03-06,256.4603,246.3594,2.1654,-2.17,primary
2023-01-16,TSLA,2023-03-06,125.7,173.44,9.9406,28.04,primary
2023-01-30,DG,2023-03-20,222.1776,193.6163,2.1818,-2.18,primary
2023-01-30,TMUS,2023-03-20,140.2899,137.0498,4.5917,-4.59,primary
2023-02-06,BMY,2023-03-27,64.9359,60.4528,3.2758,-3.28,primary
2023-02-06,KDP,2023-03-27,32.0482,32.1759,1.9814,-1.58,primary
2023-02-13,DVN,2023-04-03,55.4582,47.4506,4.3156,-4.32,primary
2023-02-13,ELV,2023-04-03,466.0728,460.7521,2.9116,-2.91,primary
2023-02-13,FANG,2023-04-03,129.7005,125.8045,4.3156,-4.32,primary
2023-02-13,OXY,2023-04-03,61.5662,59.874,3.9147,-3.91,primary
2023-02-13,SYY,2023-04-03,71.5428,71.1744,2.4199,-2.42,primary
2023-02-20,ADP,2023-04-10,210.4486,201.38,2.3784,-2.38,primary
2023-02-20,CSGP,2023-04-10,77.06,69.22,4.0187,-4.02,primary
2023-02-20,DG,2023-04-10,211.2649,200.5967,2.3598,-2.36,primary
2023-02-20,MCD,2023-04-10,249.8423,269.6582,2.3598,5.57,primary
2023-02-20,TMUS,2023-04-10,142.5398,143.8282,4.9662,-4.06,primary
2023-02-27,FANG,2023-04-17,125.5268,126.2878,2.9476,-2.34,primary
2023-03-06,ADP,2023-04-24,208.6662,205.3946,2.128,-2.13,primary
2023-03-06,AMGN,2023-04-24,213.9169,218.2317,3.0403,-1.02,primary
2023-03-06,CL,2023-04-24,68.6445,74.8011,1.8214,7.15,primary
2023-03-06,COP,2023-04-24,97.2385,93.5754,3.5831,-3.58,primary
2023-03-06,CVX,2023-04-24,144.7448,148.4792,3.5831,-1.0,primary
2023-03-06,DE,2023-04-24,412.628,363.6291,4.1463,-4.15,primary
2023-03-06,DVN,2023-04-24,49.4684,47.917,2.5151,-2.52,primary
2023-03-06,MCD,2023-04-24,251.1541,275.9756,2.6564,7.23,primary
2023-03-06,NEE,2023-04-24,67.3705,70.2013,2.128,2.07,primary
2023-03-06,ORLY,2023-04-24,56.0,61.154,2.6564,6.55,primary
2023-03-06,OXY,2023-04-24,57.8255,58.4398,3.5831,-2.52,primary
2023-03-06,PAYX,2023-04-24,102.7119,99.955,2.5742,-2.57,primary
2023-03-13,DG,2023-05-01,203.6353,206.5515,3.5629,-2.13,primary
2023-03-13,PEP,2023-05-01,156.1374,175.5777,2.2281,10.22,primary
2023-04-03,ALL,2023-05-22,105.2347,102.2928,4.1795,-4.18,primary
2023-04-03,APD,2023-05-22,266.9124,255.0463,2.1675,-2.17,primary
2023-04-03,BRK-B,2023-05-22,309.25,320.6,4.1795,-0.51,primary
2023-04-03,CAT,2023-05-22,219.0673,202.8186,3.2879,-3.29,primary
2023-04-03,COP,2023-05-22,95.6126,93.1071,3.6394,-3.64,primary
2023-04-03,CSGP,2023-05-22,68.46,78.49,3.5584,11.09,primary
2023-04-03,DE,2023-05-22,397.3257,343.6114,3.2879,-3.29,primary
2023-04-03,DG,2023-05-22,198.8939,193.4858,2.1357,-2.14,primary
2023-04-03,DUK,2023-05-22,84.6114,79.7171,2.1675,-2.17,primary
2023-04-03,DVN,2023-05-22,47.899,43.11,3.6837,-3.68,primary
2023-04-03,ELV,2023-05-22,445.4585,424.8764,2.8275,-2.83,primary
2023-04-03,FANG,2023-05-22,128.078,117.9842,3.6837,-3.68,primary
2023-04-03,KLAC,2023-05-22,386.4468,450.1959,5.506,10.99,primary
2023-04-03,MET,2023-05-22,53.1017,47.6681,4.1795,-4.18,primary
2023-04-03,MMM,2023-05-22,79.329,74.2468,1.6712,-1.67,primary
2023-04-03,MRK,2023-05-22,96.649,101.3196,2.3769,2.46,primary
2023-04-03,ORLY,2023-05-22,56.778,61.5333,2.1357,6.24,primary
2023-04-03,PCG,2023-05-22,16.0143,16.3307,2.1675,-0.19,primary
2023-04-03,SHW,2023-05-22,221.0243,223.7222,1.6712,-0.45,primary
2023-04-03,SRE,2023-05-22,68.5795,65.3972,2.1675,-2.17,primary
2023-04-10,CI,2023-05-29,249.9494,243.0374,2.7821,-2.78,primary
2023-04-10,HUM,2023-05-29,501.1138,502.3969,2.7821,-2.53,primary
2023-04-10,TMUS,2023-05-29,143.4051,126.1369,4.5917,-4.59,re_entry
2023-04-17,BAC,2023-06-05,27.5401,27.2936,4.4361,-4.44,primary
2023-04-17,C,2023-06-05,44.8245,43.9863,4.4361,-4.44,primary
2023-04-17,CARR,2023-06-05,42.6701,43.6337,3.1148,-0.86,primary
2023-04-17,CAT,2023-06-05,214.3051,225.0635,3.0013,2.02,primary
2023-04-17,DE,2023-06-05,374.499,364.4468,3.0013,-3.0,primary
2023-04-17,EL,2023-06-05,240.5046,167.588,1.5255,-1.53,primary
2023-04-17,FANG,2023-06-05,131.345,119.1461,4.3156,-4.32,re_entry
2023-04-17,MAR,2023-06-05,163.7938,174.3118,3.7138,2.71,primary
2023-04-17,MCO,2023-06-05,293.8227,328.1338,4.0377,7.64,primary
2023-04-17,PCAR,2023-06-05,65.1663,69.0107,3.0013,2.9,primary
2023-04-17,SCHW,2023-06-05,47.3731,52.9149,3.8151,7.88,primary
2023-04-17,WAT,2023-06-05,308.27,249.28,2.5131,-2.51,primary
2023-04-24,ITW,2023-06-12,221.5006,232.5569,3.8445,1.15,primary
2023-04-24,O,2023-06-12,53.038,52.6387,1.6252,-1.63,primary
2023-04-24,PAYX,2023-06-12,99.8186,104.2136,2.5031,1.9,primary
2023-04-24,SPG,2023-06-12,94.5353,97.8569,1.9954,1.52,primary
2023-04-24,SYY,2023-06-12,69.9388,68.0292,1.9954,-2.0,primary
2023-05-01,AME,2023-06-19,135.2579,153.3026,3.6175,9.72,primary
2023-05-01,ELV,2023-06-19,446.7259,430.5588,1.8366,-1.84,primary
2023-05-01,ETN,2023-06-19,160.8932,188.074,3.6175,13.28,primary
2023-05-01,IBM,2023-06-19,113.9872,118.358,3.6175,0.22,primary
2023-05-01,KLAC,2023-06-19,375.3365,446.057,4.5869,14.25,primary
2023-05-08,BMY,2023-06-26,59.8687,56.2368,2.0611,-2.06,primary
2023-05-08,DHR,2023-06-26,212.5144,209.3652,2.5308,-2.53,primary
2023-05-08,EMR,2023-06-26,80.4128,85.913,3.9408,2.9,primary
2023-05-08,GM,2023-06-26,32.3599,37.4744,7.2776,8.53,primary
2023-05-08,KMI,2023-06-26,14.8268,14.9222,3.2414,-2.6,primary
2023-05-15,ET,2023-07-03,9.8973,10.2262,3.2112,0.11,primary
2023-05-15,HD,2023-07-03,268.7782,282.7492,2.7471,2.45,primary
2023-05-15,IQV,2023-07-03,188.22,216.81,2.5073,12.68,primary
2023-05-15,NFLX,2023-07-03,34.062,43.81,7.6241,20.99,primary
2023-05-22,A,2023-07-10,126.0437,117.5389,2.8911,-2.89,primary
2023-05-22,AFL,2023-07-10,62.9988,65.5814,2.3466,1.75,primary
2023-05-22,APH,2023-07-10,36.9242,41.3546,1.9159,10.08,primary
2023-05-22,AXP,2023-07-10,148.7768,168.4445,2.548,10.67,primary
2023-05-22,BAC,2023-07-10,26.1802,27.1444,4.3161,-0.63,primary
2023-05-22,BLK,2023-07-10,620.8791,683.3594,3.8986,6.16,primary
2023-05-22,CARR,2023-07-10,41.139,52.0593,1.9159,24.63,primary
2023-05-22,CAT,2023-07-10,205.1647,244.7804,4.2009,15.11,primary
2023-05-22,COF,2023-07-10,94.2082,106.7546,2.548,10.77,primary
2023-05-22,DVN,2023-07-10,44.1144,44.4901,3.1179,-2.27,primary
2023-05-22,ELV,2023-07-10,437.0732,419.4029,2.1916,-2.19,primary
2023-05-22,EMR,2023-07-10,78.5754,87.5288,1.9159,9.48,primary
2023-05-22,GM,2023-07-10,31.7009,38.8739,5.2398,17.39,primary
2023-05-22,GS,2023-07-10,303.0516,305.3966,2.31,-1.54,primary
2023-05-22,HON,2023-07-10,175.0796,183.1561,1.9159,2.7,primary
2023-05-22,IBM,2023-07-10,116.5931,121.9884,1.9159,2.71,primary
2023-05-22,JPM,2023-07-10,132.3588,141.5569,2.31,4.64,primary
2023-05-22,MET,2023-07-10,47.4933,53.5105,2.31,10.36,primary
2023-05-22,PAYX,2023-07-10,99.819,110.8835,0.7378,10.35,primary
2023-05-22,PH,2023-07-10,323.7941,384.554,1.9159,16.85,primary
2023-05-22,PNC,2023-07-10,107.274,112.9772,2.31,3.01,primary
2023-05-22,TFC,2023-07-10,25.9391,28.6673,4.3161,6.2,primary
2023-05-22,USB,2023-07-10,26.8319,31.5083,2.31,15.12,primary
2023-05-22,VLO,2023-07-10,101.0874,104.5658,2.5082,0.93,primary
2023-05-29,DHR,2023-07-17,203.2499,223.4752,3.0871,6.86,primary
2023-05-29,MS,2023-07-17,76.8976,85.8976,2.4667,9.24,primary
2023-05-29,ODFL,2023-07-17,156.14,194.1765,3.0435,21.32,primary
2023-06-05,AFL,2023-07-24,63.0554,68.2299,2.0381,6.17,primary
2023-06-05,APD,2023-07-24,263.9133,284.3039,1.3065,6.42,primary
2023-06-05,BMY,2023-07-24,57.9516,54.483,1.9341,-1.93,primary
2023-06-05,C,2023-07-24,42.2195,43.1758,3.7487,-1.48,primary
2023-06-05,CARR,2023-07-24,41.9673,57.039,1.664,34.25,primary
2023-06-05,CI,2023-07-24,243.5386,277.4973,1.9035,12.04,primary
2023-06-05,COP,2023-07-24,95.3011,106.6152,3.6394,8.23,re_entry
2023-06-05,CVX,2023-07-24,140.9237,141.2972,2.1785,-1.91,primary
2023-06-05,DE,2023-07-24,357.0688,412.1217,3.6486,11.77,primary
2023-06-05,DOW,2023-07-24,43.8745,47.0745,1.3065,5.99,primary
2023-06-05,DVN,2023-07-24,44.4821,48.2203,2.708,5.7,primary
2023-06-05,ELV,2023-07-24,450.118,446.4658,1.9035,-1.9,primary
2023-06-05,EMR,2023-07-24,78.9651,86.4643,1.664,7.83,primary
2023-06-05,FCX,2023-07-24,36.055,42.1601,1.3065,15.63,primary
2023-06-05,GD,2023-07-24,198.4335,211.6859,1.3065,5.37,primary
2023-06-05,GILD,2023-07-24,70.2941,70.0971,1.9341,-1.93,primary
2023-06-05,ITW,2023-07-24,214.2798,245.1233,1.664,12.73,primary
2023-06-05,KMI,2023-07-24,14.6449,15.2254,2.708,1.26,primary
2023-06-05,NOC,2023-07-24,427.1489,429.7195,1.3065,-0.7,primary
2023-06-05,NUE,2023-07-24,135.4316,162.7835,1.3065,18.89,primary
2023-06-05,OXY,2023-07-24,57.737,59.1395,2.1785,0.25,primary
2023-06-05,PCAR,2023-07-24,66.0016,76.6546,3.6486,12.49,primary
2023-06-05,SPG,2023-07-24,91.0622,107.9992,2.4755,16.12,primary
2023-06-05,TJX,2023-07-24,75.124,83.7443,2.4755,9.0,primary
2023-06-05,TT,2023-07-24,169.0788,193.3219,1.664,12.67,primary
2023-06-05,WMB,2023-07-24,27.0037,30.4879,2.708,10.19,primary
2023-06-12,ADI,2023-07-31,176.7274,179.9276,1.2376,0.57,primary
2023-06-12,ALL,2023-07-31,105.3427,103.4594,1.9005,-1.9,primary
2023-06-12,AMGN,2023-07-31,201.463,223.5435,2.0935,8.87,primary
2023-06-12,CAT,2023-07-31,225.255,266.0284,3.2879,14.81,re_entry
2023-06-12,GS,2023-07-31,316.8658,330.7036,1.9005,2.47,primary
2023-06-12,O,2023-07-31,52.21,50.9948,1.2376,-1.24,primary
2023-06-12,OKE,2023-07-31,51.5033,56.5851,2.5652,7.3,primary
2023-06-12,PGR,2023-07-31,119.6411,115.7795,1.9005,-1.9,primary
2023-06-12,PM,2023-07-31,80.9841,85.3113,1.099,4.24,primary
2023-06-19,A,2023-08-07,116.2275,124.5177,2.3287,4.8,primary
2023-06-19,AMT,2023-08-07,175.8479,171.736,1.5238,-1.52,primary
2023-06-19,BMY,2023-08-07,57.8901,54.3233,3.0157,-3.02,primary
2023-06-19,CB,2023-08-07,188.1586,195.6846,2.2737,1.73,primary
2023-06-19,DE,2023-08-07,386.5424,419.8023,3.0013,5.6,re_entry
2023-06-19,ET,2023-08-07,10.2823,10.2342,2.7486,-2.75,primary
2023-06-19,IDXX,2023-08-07,475.94,505.51,2.3287,3.88,primary
2023-06-19,ODFL,2023-08-07,159.5536,202.1948,1.7538,24.97,primary
2023-06-19,TXN,2023-08-07,161.0583,154.087,3.4964,-3.5,primary
2023-06-19,WAT,2023-08-07,262.0,291.66,2.3287,8.99,primary
2023-07-03,ALL,2023-08-21,102.6119,99.0054,2.2821,-2.28,primary
2023-07-03,CME,2023-08-21,163.7586,179.6341,2.0135,7.68,primary
2023-07-03,CVX,2023-08-21,139.7941,142.8796,1.866,0.34,primary
2023-07-03,DIS,2023-08-21,87.0696,81.4421,2.3704,-2.37,primary
2023-07-03,DUK,2023-08-21,80.6428,82.3269,1.5294,0.56,primary
2023-07-03,EPD,2023-08-21,21.696,22.0729,2.7587,-1.02,primary
2023-07-03,EXC,2023-08-21,36.6326,36.6699,1.5294,-1.43,primary
2023-07-03,FANG,2023-08-21,118.5246,135.4641,2.7587,11.53,primary
2023-07-03,MS,2023-08-21,78.8895,76.742,2.2821,-2.28,primary
2023-07-03,NEE,2023-08-21,68.1072,62.6582,1.5294,-1.53,primary
2023-07-03,NEM,2023-08-21,40.2044,35.9447,1.5294,-1.53,primary
2023-07-03,O,2023-08-21,51.4512,48.4237,1.5294,-1.53,primary
2023-07-03,OKE,2023-08-21,53.6193,57.1367,2.7587,3.8,primary
2023-07-03,OXY,2023-08-21,56.1577,58.9109,1.866,3.04,primary
2023-07-03,PCG,2023-08-21,16.9534,16.5086,1.5294,-1.53,primary
2023-07-03,SBUX,2023-08-21,92.1309,89.5733,1.7603,-1.76,primary
2023-07-03,SRE,2023-08-21,65.5426,65.6015,1.5294,-1.44,primary
2023-07-03,XOM,2023-08-21,97.8956,99.3959,2.7587,-1.23,primary
2023-07-03,YUM,2023-08-21,130.4475,123.0587,1.7603,-1.76,primary
2023-07-17,ADI,2023-09-04,182.0579,170.34,1.4424,-1.44,primary
2023-07-17,AMGN,2023-09-04,208.4648,240.3148,3.2532,12.03,primary
2023-07-17,BKNG,2023-09-04,2804.8324,3085.46,4.9697,5.04,primary
2023-07-17,CME,2023-09-04,164.4127,181.1987,3.5788,6.63,primary
2023-07-17,ET,2023-09-04,10.3866,11.3044,3.1627,5.67,primary
2023-07-17,GILD,2023-09-04,69.9238,69.3128,3.419,-3.42,primary
2023-07-17,MS,2023-09-04,78.2864,78.3097,2.3941,-2.36,primary
2023-07-17,NEE,2023-09-04,67.2682,62.0433,1.4424,-1.44,primary
2023-07-17,NKE,2023-09-04,101.667,92.8876,2.7652,-2.77,primary
2023-07-17,PG,2023-09-04,139.4887,143.4442,2.2243,0.61,primary
2023-07-17,REGN,2023-09-04,714.0561,825.1157,3.2532,12.3,primary
2023-07-17,SBUX,2023-09-04,94.0906,89.3856,1.5713,-1.57,primary
2023-07-17,SRE,2023-09-04,67.875,65.3173,1.4424,-1.44,primary
2023-07-17,SYK,2023-09-04,294.3938,282.7063,2.6675,-2.67,primary
2023-07-17,TMO,2023-09-04,521.8152,513.8342,2.2184,-2.22,primary
2023-07-17,UNH,2023-09-04,455.4094,455.0876,3.3934,-3.39,primary
2023-07-17,ZTS,2023-09-04,167.1025,180.3418,2.6675,5.26,primary
2023-07-24,ALL,2023-09-11,104.6553,103.2957,2.4407,-2.44,primary
2023-07-24,BMY,2023-09-11,57.4018,52.3714,3.4856,-3.49,primary
2023-07-24,KMB,2023-09-11,123.3857,113.3405,2.2676,-2.27,primary
2023-07-24,MRK,2023-09-11,101.0047,98.7365,2.5708,-2.57,primary
2023-07-24,PGR,2023-09-11,113.7391,126.9421,2.4407,9.17,primary
2023-07-24,T,2023-09-11,12.9202,13.3135,3.0498,-0.01,primary
2023-07-24,TRV,2023-09-11,164.5495,157.8142,2.4407,-2.44,primary
2023-07-24,XOM,2023-09-11,95.045,107.1548,3.2244,9.52,primary
2023-07-24,YUM,2023-09-11,131.1494,121.9676,1.6019,-1.6,primary
2023-07-31,EL,2023-09-18,172.5721,140.7256,2.2226,-2.22,primary
2023-07-31,LVS,2023-09-18,56.2513,43.6452,2.6143,-2.61,primary
2023-08-07,CL,2023-09-25,72.1233,67.0768,2.8512,-2.85,primary
2023-08-07,DIS,2023-09-25,84.6662,79.1852,3.3536,-3.35,primary
2023-08-07,GILD,2023-09-25,71.4378,69.0156,4.3826,-4.38,primary
2023-08-14,BMY,2023-10-02,54.4297,50.2688,1.72,-1.72,primary
2023-08-14,GIS,2023-10-02,65.7369,56.3266,1.2046,-1.2,primary
2023-08-14,MNST,2023-10-02,58.5,49.97,1.2046,-1.2,primary
2023-08-14,MRK,2023-10-02,99.1038,96.0442,2.327,-2.33,primary
2023-08-14,T,2023-10-02,12.5093,12.6317,1.596,-0.62,primary
2023-08-14,VZ,2023-10-02,28.0177,26.0423,1.596,-1.6,primary
2023-08-21,ET,2023-10-09,10.7868,11.3619,2.7486,2.58,re_entry
2023-08-21,PGR,2023-10-09,122.66,141.8754,1.9005,13.77,re_entry
2023-09-04,MS,2023-10-23,79.1581,64.9199,2.2821,-2.28,re_entry
2023-11-27,APD,2024-01-15,258.0218,247.2881,1.6916,-1.69,primary
2023-11-27,BDX,2024-01-15,178.7121,177.3597,1.0408,-1.04,primary
2023-11-27,BIIB,2024-01-15,231.25,249.96,3.0316,5.06,primary
2023-11-27,EXC,2024-01-15,35.9939,32.1823,1.6916,-1.69,primary
2023-11-27,LLY,2024-01-15,591.8619,618.8476,3.0316,1.53,primary
2023-11-27,TJX,2024-01-15,87.1557,92.7809,2.7889,3.67,primary
2023-12-04,DE,2024-01-22,353.8975,382.5458,2.6584,5.44,primary
2023-12-04,DVN,2024-01-22,41.0018,39.8491,2.7235,-2.72,primary
2023-12-11,CSCO,2024-01-29,45.9597,47.4909,1.0443,2.29,primary
2023-12-11,GOOG,2024-01-29,132.7303,142.3711,2.0884,5.18,primary
2023-12-11,GOOGL,2024-01-29,131.2949,141.2129,1.9625,5.59,primary
2023-12-11,META,2024-01-29,326.8352,471.2915,2.7003,41.5,primary
2023-12-11,NVDA,2024-01-29,47.462,66.1196,3.5454,35.77,primary
2023-12-18,APD,2024-02-05,257.9087,208.5781,1.219,-1.22,primary
2023-12-18,BDX,2024-02-05,179.1867,183.2694,2.1708,0.11,primary
2023-12-18,BRK-B,2024-02-05,357.42,398.36,1.5,9.95,primary
2023-12-18,DE,2024-02-05,374.5709,370.5627,2.5847,-2.58,primary
2023-12-18,DVN,2024-02-05,42.6073,38.8861,2.6481,-2.65,primary
2023-12-18,ODFL,2024-02-05,195.8199,214.6883,0.9433,8.69,primary
2023-12-18,VLO,2024-02-05,122.2114,134.971,2.4035,8.04,primary
2023-12-18,XOM,2024-02-05,94.634,94.3004,2.6481,-2.65,primary
2023-12-25,GOOG,2024-02-12,141.8157,140.6056,2.2034,-2.2,primary
2023-12-25,GOOGL,2024-02-12,140.4294,139.3681,2.0706,-2.07,primary
2023-12-25,HSY,2024-02-12,170.3704,178.6506,1.3008,3.56,primary
2023-12-25,TJX,2024-02-12,89.3028,95.2486,1.0009,5.66,primary
2023-12-25,WMT,2024-02-12,51.0043,55.4682,1.0009,7.75,primary
2024-01-01,EPD,2024-02-19,22.565,24.102,2.5669,4.24,primary
2024-01-08,LLY,2024-02-26,612.7928,771.3599,3.6252,22.25,primary
2024-01-15,AON,2024-03-04,295.4792,312.8705,2.5341,3.35,primary
2024-01-15,CMCSA,2024-03-04,37.4761,37.1446,2.8509,-2.85,primary
2024-01-15,GOOG,2024-03-04,142.2621,135.1802,2.5809,-2.58,primary
2024-01-15,GOOGL,2024-03-04,140.836,134.3,2.9418,-2.94,primary
2024-01-15,ORCL,2024-03-04,104.217,110.1031,2.5341,3.11,primary
2024-01-22,CHTR,2024-03-11,371.1,290.65,2.9856,-2.99,primary
2024-01-22,CME,2024-03-11,185.1651,200.2143,2.3689,5.76,primary
2024-01-29,APD,2024-03-18,248.4835,224.5839,1.1447,-1.14,primary
2024-01-29,COP,2024-03-18,104.53,115.6022,3.1941,7.4,primary
2024-01-29,CVX,2024-03-18,135.2766,141.8618,3.1941,1.67,primary
2024-01-29,EXC,2024-03-18,32.118,34.0681,1.1447,4.93,primary
2024-01-29,FANG,2024-03-18,144.2707,183.2241,3.444,23.56,primary
2024-01-29,ODFL,2024-03-18,192.2888,217.7728,1.5851,11.67,primary
2024-01-29,OXY,2024-03-18,55.9174,61.3708,3.1941,6.56,primary
2024-01-29,WMB,2024-03-18,31.9818,35.5951,3.444,7.85,primary
2024-01-29,XOM,2024-03-18,95.4216,106.1375,3.444,7.79,primary
2024-02-05,CPRT,2024-03-25,50.0,57.92,1.6556,14.18,primary
2024-02-05,SBUX,2024-03-25,87.5186,86.7261,1.6556,-1.66,primary
2024-02-12,AON,2024-04-01,309.7393,315.083,1.6766,0.05,primary
2024-02-12,UNH,2024-04-01,494.1266,436.2645,2.0016,-2.0,primary
2024-02-19,EXC,2024-04-08,32.0537,33.8639,1.2293,4.42,primary
2024-02-26,AFL,2024-04-15,76.8025,79.8037,1.2557,2.65,primary
2024-02-26,APD,2024-04-15,218.303,221.3855,1.4792,-0.07,primary
2024-02-26,CHTR,2024-04-15,298.65,265.21,1.3971,-1.4,primary
2024-02-26,FDX,2024-04-15,230.3535,255.8287,2.7189,8.34,primary
2024-02-26,GOOG,2024-04-15,142.2819,154.452,2.2034,6.35,re_entry
2024-02-26,GOOGL,2024-04-15,140.9749,152.8269,2.0706,6.34,re_entry
2024-02-26,NOC,2024-04-15,447.2672,447.5671,1.4792,-1.41,primary
2024-02-26,SBUX,2024-04-15,90.4935,83.139,2.7189,-2.72,primary
2024-02-26,WMB,2024-04-15,32.0094,35.837,3.1802,8.78,primary
2024-03-11,PM,2024-04-29,84.6997,90.0251,2.6306,3.66,primary
2024-03-11,SO,2024-04-29,64.4956,70.9807,1.5857,8.47,primary
2024-03-11,SRE,2024-04-29,66.0993,68.5613,1.5857,2.14,primary
2024-03-18,UNH,2024-05-06,471.0707,490.8957,2.0999,2.11,primary
2024-03-25,BIIB,2024-05-13,217.77,230.57,3.194,2.68,primary
2024-03-25,GOOG,2024-05-13,149.7208,175.8463,2.5809,14.87,re_entry
2024-03-25,GOOGL,2024-05-13,148.7109,174.6168,2.9418,14.48,re_entry
2024-03-25,PCG,2024-05-13,16.3002,18.4084,1.3255,11.61,primary
2024-03-25,TSLA,2024-05-13,168.76,177.46,6.4626,-1.31,primary
2024-04-01,AAPL,2024-05-20,169.6461,188.522,2.7507,8.38,primary
2024-04-01,ADBE,2024-05-20,504.99,475.43,3.1067,-3.11,primary
2024-04-01,AMT,2024-05-20,183.6663,175.3031,1.3204,-1.32,primary
2024-04-01,O,2024-05-20,48.5532,47.1311,1.3204,-1.32,primary
2024-04-01,SBUX,2024-05-20,87.1341,75.4129,1.647,-1.65,primary
2024-04-01,SRE,2024-05-20,67.5364,71.3067,1.3204,4.26,primary
2024-04-15,HUM,2024-06-03,306.5764,342.2076,2.5949,9.03,primary
2024-04-15,NKE,2024-06-03,89.6261,92.4607,6.5178,-3.36,primary
2024-06-17,BLK,2024-08-05,739.5762,825.3706,3.5677,8.03,primary
2024-06-17,HLT,2024-08-05,209.1121,205.4868,1.8764,-1.88,primary
2024-06-17,ICE,2024-08-05,132.2837,151.0022,2.3653,11.78,primary
2024-06-17,IDXX,2024-08-05,500.16,482.84,3.1268,-3.13,primary
2024-06-17,INTU,2024-08-05,583.1045,623.8668,1.877,5.11,primary
2024-06-17,MCD,2024-08-05,242.3037,257.2952,1.3978,4.79,primary
2024-06-17,ODFL,2024-08-05,169.5884,191.0984,1.3978,11.29,primary
2024-06-17,PANW,2024-08-05,158.005,165.74,2.2109,2.68,primary
2024-06-17,SHW,2024-08-05,291.8113,340.5188,0.6502,16.04,primary
2024-06-17,SPGI,2024-08-05,426.5987,482.0786,4.0124,8.99,primary
2024-06-24,AMD,2024-08-12,159.75,148.56,5.1585,-5.16,primary
2024-06-24,AME,2024-08-12,167.6457,160.8438,1.8401,-1.84,primary
2024-06-24,AMZN,2024-08-12,189.33,177.06,1.9565,-1.96,primary
2024-06-24,CI,2024-08-12,330.7662,330.9209,3.1348,-3.09,primary
2024-06-24,CMCSA,2024-08-12,33.6489,35.1029,5.4407,-1.12,primary
2024-06-24,CRM,2024-08-12,240.5845,260.4981,2.3053,5.97,primary
2024-06-24,CSCO,2024-08-12,45.3122,47.5962,1.8401,3.2,primary
2024-06-24,CSX,2024-08-12,32.6789,32.562,1.3892,-1.39,primary
2024-06-24,CTSH,2024-08-12,66.2906,73.6929,4.1835,6.98,primary
2024-06-24,DHI,2024-08-12,139.4538,175.009,2.7328,22.76,primary
2024-06-24,EW,2024-08-12,90.9,68.92,2.1563,-2.16,primary
2024-06-24,GWW,2024-08-12,904.3973,952.3412,2.7328,2.57,primary
2024-06-24,IQV,2024-08-12,217.23,239.63,3.2602,7.05,primary
2024-06-24,ITW,2024-08-12,231.3717,233.294,1.8401,-1.01,primary
2024-06-24,JNJ,2024-08-12,141.5906,151.4639,0.9867,5.99,primary
2024-06-24,MA,2024-08-12,450.3859,464.8841,2.1479,1.07,primary
2024-06-24,MET,2024-08-12,68.1629,69.9979,2.5668,0.13,primary
2024-06-24,MRK,2024-08-12,123.7584,107.1655,1.2247,-1.22,primary
2024-06-24,NSC,2024-08-12,217.1949,233.1083,1.3892,5.94,primary
2024-06-24,TRV,2024-08-12,203.8963,210.5159,2.5668,0.68,primary
2024-06-24,UNP,2024-08-12,217.8044,234.9762,1.3892,6.49,primary
2024-06-24,USB,2024-08-12,36.9309,40.486,2.5668,7.06,primary
2024-06-24,V,2024-08-12,271.7531,264.4452,1.783,-1.78,primary
2024-07-01,CCI,2024-08-19,88.4406,102.5163,1.3092,14.61,primary
2024-07-01,CME,2024-08-19,182.9585,191.6889,2.3242,2.45,primary
2024-07-01,COF,2024-08-19,135.4825,139.7551,2.0242,1.13,primary
2024-07-01,FTNT,2024-08-19,60.43,74.73,2.1725,21.49,primary
2024-07-01,MNST,2024-08-19,50.04,46.65,2.3503,-2.35,primary
2024-07-01,SPG,2024-08-19,138.3143,152.9375,1.3735,9.2,primary
2024-07-01,VZ,2024-08-19,36.9017,37.3155,5.1274,-4.01,primary
2024-07-08,BRK-B,2024-08-26,411.27,475.92,2.4268,13.29,primary
2024-07-08,CTAS,2024-08-26,175.6786,198.8302,3.9553,9.22,primary
2024-07-08,MA,2024-08-26,444.7923,479.2209,2.0307,5.71,primary
2024-07-08,NSC,2024-08-26,205.5089,248.349,1.3135,19.53,primary
2024-07-08,PH,2024-08-26,499.3031,590.2617,1.7397,16.48,primary
2024-07-08,V,2024-08-26,266.7487,273.3365,1.6858,0.78,primary
2024-07-15,ABBV,2024-09-02,159.1562,183.906,2.8105,12.74,primary
2024-07-15,BMY,2024-09-02,37.8305,45.3444,2.8105,17.05,primary
2024-07-15,CI,2024-09-02,325.3914,341.7189,3.5267,1.49,primary
2024-07-15,CMCSA,2024-09-02,33.8891,35.094,3.0089,0.55,primary
2024-07-15,COF,2024-09-02,137.4542,136.2842,2.3598,-2.36,primary
2024-07-15,DHI,2024-09-02,151.1134,182.9916,2.4633,18.63,primary
2024-07-15,DIS,2024-09-02,95.8407,86.5944,2.3437,-2.34,primary
2024-07-15,HD,2024-09-02,344.1631,347.1308,2.4633,-1.6,primary
2024-07-15,IDXX,2024-09-02,490.8,472.35,3.0365,-3.04,primary
2024-07-15,IQV,2024-09-02,224.05,243.07,3.0365,5.45,primary
2024-07-15,LEN,2024-09-02,151.2326,169.5461,2.4633,9.65,primary
2024-07-15,LOW,2024-09-02,226.3172,236.9485,2.4633,2.23,primary
2024-07-15,MET,2024-09-02,69.9024,70.9849,2.6517,-1.1,primary
2024-07-15,MRK,2024-09-02,120.6755,111.0969,1.9162,-1.92,primary
2024-07-15,PCAR,2024-09-02,97.0299,87.8798,2.4633,-2.46,primary
2024-07-15,SPG,2024-09-02,137.6897,151.1004,2.015,7.72,primary
2024-07-15,SYK,2024-09-02,333.907,354.0186,1.9248,4.1,primary
2024-07-15,SYY,2024-09-02,68.8223,75.4156,2.015,7.57,primary
2024-07-15,TRV,2024-09-02,206.3944,227.9058,2.6517,7.77,primary
2024-07-22,ADP,2024-09-09,239.3136,266.5326,1.3856,9.99,primary
2024-07-22,MA,2024-09-09,441.6141,489.1555,3.1287,7.64,primary
2024-07-22,MDT,2024-09-09,75.2434,85.1277,2.5519,10.58,primary
2024-07-22,SBUX,2024-09-09,74.8965,94.819,2.6715,23.93,primary
2024-07-22,XOM,2024-09-09,108.593,105.6371,3.2495,-3.25,primary
2024-07-29,ABT,2024-09-16,97.7611,110.5025,2.5319,10.5,primary
2024-07-29,AIG,2024-09-16,74.6746,71.0068,3.4881,-3.49,primary
2024-07-29,ELV,2024-09-16,510.3167,524.2224,4.6391,-1.91,primary
2024-07-29,TRV,2024-09-16,208.0178,232.8762,3.4881,8.46,primary
2024-07-29,VLO,2024-09-16,151.1808,128.5859,3.6099,-3.61,primary
2024-08-19,HLT,2024-10-07,211.841,237.3333,1.8764,10.16,re_entry
2024-09-16,COF,2024-11-04,136.1862,181.5914,2.3598,30.98,re_entry
2024-09-30,VLO,2024-11-18,129.6952,134.7541,4.1131,-0.21,primary
2024-09-30,WM,2024-11-18,200.8332,219.506,1.5587,7.74,primary
2024-10-07,EPD,2024-11-25,26.8667,31.6399,2.5153,15.25,primary
2024-10-07,ET,2024-11-25,14.5831,18.1039,2.5153,21.63,primary
2024-10-07,FANG,2024-11-25,188.4727,171.6611,2.5153,-2.52,primary
2024-10-14,APH,2024-12-02,65.3323,73.337,4.2557,8.0,primary
2024-10-14,BIIB,2024-12-02,188.59,157.78,3.6163,-3.62,primary
2024-10-14,ECL,2024-12-02,250.6371,246.4821,3.2377,-3.24,primary
2024-10-14,GS,2024-12-02,502.1535,581.7278,3.3862,12.46,primary
2024-10-14,ROP,2024-12-02,549.5676,546.7011,2.8004,-2.8,primary
2024-10-14,TEL,2024-12-02,144.0453,150.107,4.2557,-0.05,primary
2024-10-14,VRTX,2024-12-02,481.64,462.1,3.6163,-3.62,primary
2024-10-21,GD,2024-12-09,301.6758,256.7655,1.3723,-1.37,primary
2024-10-21,MRK,2024-12-09,103.5262,96.8067,2.2435,-2.24,primary
2024-10-21,MSFT,2024-12-09,411.3089,442.9836,2.4678,5.23,primary
2024-10-28,ADI,2024-12-16,223.7616,207.6938,1.5474,-1.55,primary
2024-10-28,LRCX,2024-12-16,76.1444,71.0534,5.3632,-5.36,primary
2024-10-28,OXY,2024-12-16,48.9563,45.8965,2.2028,-2.2,primary
2024-10-28,TXN,2024-12-16,197.2854,179.8199,5.2791,-5.28,primary
2024-11-04,C,2024-12-23,60.4359,68.7252,3.4864,10.23,primary
2024-11-04,CDNS,2024-12-23,284.52,305.03,3.4695,3.74,primary
2024-11-04,INTU,2024-12-23,617.7727,633.2121,2.9915,-0.49,primary
2024-11-04,WM,2024-12-23,210.9668,200.2318,3.5347,-3.53,primary
2024-11-11,AMAT,2024-12-30,189.7207,168.1648,5.1736,-5.17,primary
2024-11-11,EPD,2024-12-30,27.9916,29.2506,2.3449,2.15,primary
2024-11-11,F,2024-12-30,10.1959,9.0999,4.9149,-4.91,primary
2024-11-11,FANG,2024-12-30,175.0166,165.2524,2.3449,-2.34,primary
2024-11-11,GD,2024-12-30,304.5547,257.0193,1.2998,-1.3,primary
2024-11-11,IQV,2024-12-30,219.55,197.39,1.3157,-1.32,primary
2024-11-11,KLAC,2024-12-30,675.4491,650.5965,5.1736,-5.17,primary
2024-11-11,MCO,2024-12-30,473.3184,474.4984,1.3001,-1.05,primary
2024-11-11,MRK,2024-12-30,97.3097,94.8455,2.3684,-2.37,primary
2024-11-11,MSFT,2024-12-30,417.6349,419.2929,2.369,-1.97,primary
2024-11-11,OXY,2024-12-30,48.7721,49.1881,2.4783,-1.63,primary
2024-11-11,ROP,2024-12-30,563.1259,510.4396,2.369,-2.37,primary
2024-11-11,TFC,2024-12-30,43.3018,41.6037,2.3805,-2.38,primary
2024-11-11,TJX,2024-12-30,116.073,118.9156,2.4135,0.04,primary
2024-11-11,VLO,2024-12-30,130.642,119.7337,2.4783,-2.48,primary
2024-11-11,VRTX,2024-12-30,518.27,407.11,3.0864,-3.09,primary
2024-11-25,AAPL,2025-01-13,230.2025,228.7305,2.479,-2.48,primary
2024-11-25,COST,2025-01-13,968.6154,937.0137,1.7571,-1.76,primary
2024-11-25,ELV,2025-01-13,392.7541,375.66,2.032,-2.03,primary
2024-11-25,FANG,2025-01-13,178.3307,174.1646,2.392,-2.39,primary
2024-11-25,KLAC,2025-01-13,640.3772,750.0758,5.2774,11.85,primary
2024-11-25,KMB,2025-01-13,130.8142,120.7252,2.0217,-2.02,primary
2024-11-25,LRCX,2025-01-13,73.0264,79.4761,5.2774,3.55,primary
2024-11-25,MCO,2025-01-13,479.4597,471.2304,1.3262,-1.33,primary
2024-11-25,MRK,2025-01-13,94.9939,93.6783,2.416,-2.42,primary
2024-11-25,MSFT,2025-01-13,414.3705,424.9185,2.4166,0.13,primary
2024-11-25,NXPI,2025-01-13,223.5161,210.2968,3.4827,-3.48,primary
2024-11-25,PGR,2025-01-13,244.4361,228.8636,1.8792,-1.88,primary
2024-11-25,ROST,2025-01-13,146.5386,147.2003,2.462,-2.01,primary
2024-11-25,UNP,2025-01-13,235.1927,227.6109,1.3259,-1.33,primary
2024-12-02,ADI,2025-01-20,213.0193,213.1759,1.3041,-1.23,primary
2024-12-02,AMAT,2025-01-20,173.5244,184.6688,4.8599,1.56,primary
2024-12-02,BIIB,2025-01-20,160.16,146.2,5.0442,-5.04,primary
2024-12-02,CB,2025-01-20,286.3188,264.1876,2.1035,-2.1,primary
2024-12-02,DHR,2025-01-20,237.1322,243.746,1.1377,1.65,primary
2024-12-02,GE,2025-01-20,179.2221,195.3506,1.3041,7.7,primary
2024-12-02,IQV,2025-01-20,201.55,204.33,1.1377,0.24,primary
2024-12-02,LLY,2025-01-20,790.8811,778.296,5.0442,-5.04,primary
2024-12-02,MCHP,2025-01-20,65.524,54.3447,4.236,-4.24,primary
2024-12-02,MMM,2025-01-20,130.4702,146.0059,1.517,10.39,primary
2024-12-02,QCOM,2025-01-20,153.1231,167.2678,4.236,5.0,primary
2024-12-02,UNH,2025-01-20,592.348,515.702,2.7424,-2.74,primary
2024-12-02,VRTX,2025-01-20,467.48,439.62,5.0442,-5.04,primary
2024-12-09,MU,2025-01-27,100.149,90.9038,4.5937,-4.59,primary
2024-12-16,DHR,2025-02-03,232.5364,205.0322,1.163,-1.16,primary
2024-12-16,PEP,2025-02-03,150.4404,137.7933,2.4205,-2.42,primary
2024-12-16,VRTX,2025-02-03,463.37,469.32,5.1562,-3.87,primary
2024-12-23,ABBV,2025-02-10,168.0161,186.6099,2.8736,8.19,primary
2024-12-23,BIIB,2025-02-10,146.0,137.33,6.8551,-6.86,primary
2024-12-23,TDG,2025-02-10,1187.9269,1229.6387,2.5709,0.94,primary
2025-01-20,TFC,2025-03-10,45.2829,38.6876,2.3805,-2.38,re_entry
2025-01-27,MCO,2025-03-17,482.589,455.8846,1.3262,-1.33,re_entry
2025-02-03,AAPL,2025-03-24,228.7405,216.9544,2.479,-2.48,re_entry
2025-02-03,COST,2025-03-24,966.0226,924.5928,1.7571,-1.76,re_entry
2025-02-03,LLY,2025-03-24,796.9853,816.4648,5.0442,-2.6,re_entry
2025-02-03,WM,2025-03-24,214.8454,224.5179,3.5347,0.97,re_entry
2025-02-17,PGR,2025-04-07,247.1216,258.9724,1.8792,2.92,re_entry
2025-05-19,AFL,2025-07-07,104.5923,99.9635,2.5732,-2.57,primary
2025-05-19,BDX,2025-07-07,134.1355,135.9801,2.3136,-0.94,primary
2025-05-19,COP,2025-07-07,88.7115,93.2304,2.4206,2.67,primary
2025-05-19,FTNT,2025-07-07,103.56,99.06,6.1777,-6.18,primary
2025-05-19,MPLX,2025-07-07,48.8463,47.7436,3.1083,-3.11,primary
2025-05-19,PEG,2025-07-07,76.2598,80.6033,1.7541,3.94,primary
2025-05-19,PG,2025-07-07,160.0955,153.808,1.7088,-1.71,primary
2025-05-19,TMO,2025-07-07,406.7334,433.7148,9.0118,-2.38,primary
2025-05-19,WMB,2025-07-07,56.4607,56.8467,3.1083,-2.42,primary
2025-05-26,BMY,2025-07-14,45.4461,46.1722,5.3245,-3.73,primary
2025-05-26,MRK,2025-07-14,75.2851,77.9297,4.6832,-1.17,primary
2025-06-02,AAPL,2025-07-21,199.6724,213.2311,3.1388,3.65,primary
2025-06-02,ABBV,2025-07-21,181.3624,187.4102,4.4359,-1.1,primary
2025-06-02,MDT,2025-07-21,79.8618,90.8254,2.492,11.24,primary
2025-06-02,SPG,2025-07-21,154.4408,161.2739,4.4288,-0.0,primary
2025-06-02,WELL,2025-07-21,151.3949,159.6564,1.8894,3.57,primary
2025-06-09,AFL,2025-07-28,101.7744,96.5385,2.503,-2.5,primary
2025-06-09,COP,2025-07-28,85.6148,90.4513,2.3546,3.29,primary
2025-06-09,CRM,2025-07-28,271.5062,249.9008,6.0093,-6.01,primary
2025-06-09,EPD,2025-07-28,30.1006,29.2075,3.0236,-3.02,primary
2025-06-09,FTNT,2025-07-28,104.73,97.36,6.0093,-6.01,primary
2025-06-09,XOM,2025-07-28,101.7933,106.9742,3.0236,2.07,primary
2025-06-16,ABT,2025-08-04,133.6796,133.0117,2.794,-2.79,primary
2025-06-16,SO,2025-08-04,88.42,92.4524,2.1183,2.44,primary
2025-06-23,AFL,2025-08-11,101.6169,103.7132,3.0777,-1.01,primary
2025-06-23,KMI,2025-08-11,27.347,26.1182,3.7177,-3.72,primary
2025-06-23,MSI,2025-08-11,403.9033,456.5384,5.0197,8.01,primary
2025-06-23,SPG,2025-08-11,152.0864,167.2285,4.9177,5.04,primary
2025-06-23,WMB,2025-08-11,59.4244,56.1046,3.7177,-3.72,primary
2025-06-30,AON,2025-08-18,351.5721,375.1,2.2317,4.46,primary
2025-06-30,CRM,2025-08-18,273.5414,247.459,5.848,-5.85,primary
2025-06-30,ELV,2025-08-18,374.6895,311.2987,3.8161,-3.82,primary
2025-06-30,FTNT,2025-08-18,103.9,80.02,5.848,-5.85,primary
2025-06-30,GILD,2025-08-18,108.5102,112.5912,3.8984,-0.14,primary
2025-06-30,LLY,2025-08-18,774.4021,709.4522,4.8666,-4.87,primary
2025-06-30,LOW,2025-08-18,220.8025,261.2664,3.6175,14.71,primary
2025-06-30,MMM,2025-08-18,150.2569,156.6113,1.6176,2.61,primary
2025-06-30,SO,2025-08-18,88.4493,92.2473,1.6605,2.63,primary
2025-06-30,TMUS,2025-08-18,231.4018,248.6319,3.0305,4.42,primary
2025-06-30,VRTX,2025-08-18,440.45,395.12,4.8666,-4.87,primary
2025-07-07,ABBV,2025-08-25,184.9852,207.2268,3.9127,8.11,primary
2025-07-07,EPD,2025-08-25,29.9296,31.076,2.9533,0.88,primary
2025-07-07,JNJ,2025-08-25,153.0921,173.8452,2.4448,11.11,primary
2025-07-07,KDP,2025-08-25,32.9224,28.3431,2.2383,-2.24,primary
2025-07-14,KR,2025-09-01,69.7778,67.0543,2.2611,-2.26,primary
2025-07-14,WELL,2025-09-01,153.5195,166.5762,1.7511,6.75,primary
2025-07-21,FTNT,2025-09-08,105.16,79.68,3.5581,-3.56,primary
2025-07-21,TMUS,2025-09-08,226.8032,239.3773,3.2042,2.34,primary
2025-07-28,AFL,2025-09-15,101.3709,106.9113,2.2284,3.24,primary
2025-07-28,BRK-B,2025-09-15,484.35,492.85,2.5902,-0.84,primary
2025-07-28,BSX,2025-09-15,106.33,97.83,3.2583,-3.26,primary
2025-07-28,CPRT,2025-09-15,46.81,45.85,2.0585,-2.06,primary
2025-07-28,EPD,2025-09-15,30.2146,30.6409,2.8183,-1.41,primary
2025-07-28,GILD,2025-09-15,111.2374,111.9241,3.8262,-3.21,primary
2025-07-28,MA,2025-09-15,565.7721,582.5148,2.6386,0.32,primary
2025-07-28,MO,2025-09-15,56.7914,61.6769,2.25,6.35,primary
2025-07-28,MPLX,2025-09-15,48.1677,48.3304,2.8183,-2.48,primary
2025-07-28,PG,2025-09-15,155.4318,153.864,2.6346,-2.63,primary
2025-07-28,ROP,2025-09-15,559.5426,502.7534,3.1565,-3.16,primary
2025-07-28,T,2025-09-15,27.3123,28.3684,2.9153,0.95,primary
2025-07-28,TJX,2025-09-15,125.223,138.9846,2.0585,8.93,primary
2025-07-28,V,2025-09-15,354.3201,340.2331,2.5893,-2.59,primary
2025-07-28,VZ,2025-09-15,41.5717,42.0162,2.9153,-1.85,primary
2025-07-28,WMT,2025-09-15,96.6575,101.9127,2.0585,3.38,primary
2025-08-04,KMB,2025-09-22,126.9488,119.289,3.5963,-3.6,primary
2025-08-11,ABT,2025-09-29,132.8137,133.3188,0.5313,-0.15,primary
2025-08-11,ADP,2025-09-29,298.7694,287.0672,1.5442,-1.54,primary
2025-08-11,AFL,2025-09-29,102.3058,111.1466,1.847,6.79,primary
2025-08-11,AON,2025-09-29,366.95,363.81,2.8031,-2.8,primary
2025-08-11,BMY,2025-09-29,44.8854,44.3102,2.1597,-2.16,primary
2025-08-11,ELV,2025-09-29,290.0964,346.5664,4.1512,15.31,primary
2025-08-11,EPD,2025-09-29,30.4766,30.6119,3.0076,-2.56,primary
2025-08-11,EQIX,2025-09-29,759.3617,769.8566,4.521,-3.14,primary
2025-08-11,MA,2025-09-29,573.3806,578.8152,2.5462,-1.6,primary
2025-08-11,PG,2025-09-29,151.3988,150.1465,1.7772,-1.78,primary
2025-08-11,PGR,2025-09-29,231.1392,230.9324,2.8031,-2.8,primary
2025-08-11,TRV,2025-09-29,262.1185,282.4104,2.8031,4.94,primary
2025-08-11,UNH,2025-09-29,248.6604,355.0342,4.1512,38.63,primary
2025-08-18,AJG,2025-10-06,289.7301,300.0235,2.792,0.76,primary
2025-08-18,BRK-B,2025-10-06,477.97,489.13,2.792,-0.46,primary
2025-08-18,CL,2025-10-06,84.1669,76.9695,1.7702,-1.77,primary
2025-08-18,ET,2025-10-06,16.6077,15.6744,2.9957,-3.0,primary
2025-08-18,MPLX,2025-10-06,48.0135,45.9009,2.9957,-3.0,primary
2025-08-18,V,2025-10-06,342.4541,342.2649,1.8563,-1.86,primary
2025-08-25,ACN,2025-10-13,259.22,238.39,3.4586,-3.46,primary
2025-08-25,ADP,2025-10-13,300.6811,277.1734,1.4494,-1.45,primary
2025-08-25,BSX,2025-10-13,106.16,99.24,0.4987,-0.5,primary
2025-08-25,IT,2025-10-13,249.5,235.73,3.4586,-3.46,primary
2025-08-25,PAYX,2025-10-13,137.6347,124.0584,3.4586,-3.46,primary
2025-08-25,PM,2025-10-13,167.1311,155.2455,1.7676,-1.77,primary
2025-08-25,ROP,2025-10-13,533.9178,503.4886,1.9682,-1.97,primary
2025-09-01,KMI,2025-10-20,26.177,25.325,3.0493,-3.05,primary
2025-09-01,WMB,2025-10-20,56.1534,56.6011,3.0493,-2.25,primary
2025-09-08,CL,2025-10-27,83.841,76.5811,1.3769,-1.38,primary
2025-09-08,COST,2025-10-27,961.0555,908.9207,3.0338,-3.03,primary
2025-09-08,FTNT,2025-10-27,79.18,86.43,5.2433,3.91,primary
2025-09-08,NFLX,2025-10-27,124.854,111.886,3.0978,-3.1,primary
2025-09-15,KMI,2025-11-03,27.0975,26.0007,1.997,-2.0,primary
2025-09-15,MNST,2025-11-03,64.93,69.73,2.2326,5.16,primary
2025-09-15,OKE,2025-11-03,71.3534,66.1665,1.997,-2.0,primary
2025-09-15,PM,2025-11-03,161.0496,150.6587,2.2326,-2.23,primary
2025-09-15,WMB,2025-11-03,57.9896,58.669,1.997,-0.83,primary
2025-09-22,ACN,2025-11-10,239.86,245.21,4.4635,-2.23,primary
2025-09-22,CME,2025-11-10,253.4935,277.1076,1.8419,7.47,primary
2025-09-22,CRM,2025-11-10,244.8847,243.2673,5.3366,-5.34,primary
2025-09-22,NFLX,2025-11-10,122.19,111.217,3.1529,-3.15,primary
2025-09-22,V,2025-11-10,337.6436,328.6898,1.9404,-1.94,primary
2025-09-29,AIG,2025-11-17,76.9603,75.1208,2.2991,-2.3,primary
2025-09-29,BKNG,2025-11-17,5548.3631,4748.0635,3.0515,-3.05,primary
2025-09-29,CB,2025-11-17,279.5847,297.412,2.2991,4.08,primary
2025-09-29,EXC,2025-11-17,43.1898,45.3616,1.4805,3.55,primary
2025-09-29,ISRG,2025-11-17,442.06,561.61,2.4494,24.59,primary
2025-09-29,MPLX,2025-11-17,49.1562,53.0203,2.0687,5.79,primary
2025-09-29,OKE,2025-11-17,71.9653,69.577,2.0687,-2.07,primary
2025-09-29,VRSK,2025-11-17,244.7808,222.1353,4.4172,-4.42,primary
2025-09-29,WM,2025-11-17,217.1536,214.931,2.1376,-2.14,primary
2025-10-06,ABT,2025-11-24,133.0514,128.2503,3.3752,-3.38,primary
2025-10-06,ADP,2025-11-24,287.2544,251.5816,1.4103,-1.41,primary
2025-10-06,AMGN,2025-11-24,293.4787,343.0827,3.5735,13.33,primary
2025-10-06,CSCO,2025-11-24,68.0757,76.5305,4.4868,7.93,primary
2025-10-06,CTSH,2025-11-24,67.1233,77.3166,3.2921,11.89,primary
2025-10-06,DE,2025-11-24,463.108,462.8888,2.0909,-2.09,primary
2025-10-06,HON,2025-11-24,195.7761,191.2405,4.4868,-4.49,primary
2025-10-06,MAR,2025-11-24,268.0176,304.2022,2.8122,10.69,primary
2025-10-06,PYPL,2025-11-24,69.8466,62.5008,3.1472,-3.15,primary
2025-10-06,ROP,2025-11-24,500.874,445.3078,2.3554,-2.36,primary
2025-10-06,V,2025-11-24,348.5992,333.7518,3.1472,-3.15,primary
2025-10-13,AMT,2025-12-01,182.5834,177.1364,1.8347,-1.83,primary
2025-10-13,COST,2025-12-01,926.422,893.4594,2.9167,-2.92,primary
2025-10-13,CRM,2025-12-01,242.4986,260.1501,4.5829,2.7,primary
2025-10-13,NFLX,2025-12-01,122.135,100.24,6.92,-6.92,primary
2025-10-13,PAYX,2025-12-01,123.2056,110.9067,4.2828,-4.28,primary
2025-10-13,PM,2025-12-01,155.6777,145.178,2.6966,-2.7,primary
2025-10-20,BSX,2025-12-08,99.7,92.58,4.2124,-4.21,primary
2025-10-20,CARR,2025-12-08,56.3308,52.7139,5.5998,-5.6,primary
2025-10-20,CL,2025-12-08,78.7478,77.8632,4.5652,-4.57,primary
2025-10-20,CTSH,2025-12-08,65.677,83.515,4.1088,23.05,primary
2025-10-20,DE,2025-12-08,456.0325,483.1288,2.6096,3.33,primary
2025-10-20,ECL,2025-12-08,275.7856,262.1604,4.5652,-4.57,primary
2025-10-20,GWW,2025-12-08,956.2994,1020.6104,2.6096,4.12,primary
2025-10-20,HON,2025-12-08,190.4994,192.7033,5.5998,-4.44,primary
2025-10-20,HWM,2025-12-08,191.4086,198.1965,1.7601,1.79,primary
2025-10-20,INTU,2025-12-08,662.0606,669.6966,4.1909,-3.04,primary
2025-10-20,ISRG,2025-12-08,452.5,542.32,4.2124,15.64,primary
2025-10-20,NOW,2025-12-08,181.328,173.012,6.3043,-6.3,primary
2025-10-20,ODFL,2025-12-08,138.1128,159.2676,3.159,12.16,primary
2025-10-20,PEG,2025-12-08,83.6429,77.6395,1.7601,-1.76,primary
2025-10-20,SBUX,2025-12-08,84.5303,84.8031,3.159,-2.84,primary
2025-10-20,ZTS,2025-12-08,142.7612,118.1555,4.2124,-4.21,primary
2025-10-27,AIG,2025-12-15,78.3745,85.0796,3.4143,5.14,primary
2025-10-27,BMY,2025-12-15,43.3082,53.5571,3.2629,20.4,primary
2025-10-27,CTAS,2025-12-15,189.7172,187.1396,3.2368,-3.24,primary
2025-10-27,EMR,2025-12-15,132.6028,132.4709,4.4114,-4.41,primary
2025-10-27,ET,2025-12-15,16.117,16.0882,2.3768,-2.38,primary
2025-10-27,MAR,2025-12-15,271.2537,309.5619,2.7649,11.36,primary
2025-10-27,MPLX,2025-12-15,48.4936,52.6672,2.3768,6.23,primary
2025-10-27,OKE,2025-12-15,66.9339,70.7016,2.3768,3.25,primary
2025-10-27,VRSK,2025-12-15,232.9852,217.0288,3.2368,-3.24,primary
2025-10-27,WM,2025-12-15,213.6015,215.4832,2.4886,-1.61,primary
2025-11-03,KMB,2025-12-22,102.171,99.7677,2.5059,-2.51,primary
2025-11-10,ABT,2025-12-29,124.7879,123.5641,3.0395,-3.04,primary
2025-11-10,AON,2025-12-29,343.34,344.27,3.3584,-3.09,primary
2025-11-10,CME,2025-12-29,267.0554,263.3836,3.9976,-4.0,primary
2025-11-10,COST,2025-12-29,917.7462,853.3342,2.7119,-2.71,primary
2025-11-10,CTAS,2025-12-29,182.7002,184.4558,3.6752,-2.71,primary
2025-11-10,EPD,2025-12-29,30.6182,31.6414,3.555,-0.21,primary
2025-11-10,HLT,2025-12-29,273.945,292.8417,5.431,1.47,primary
2025-11-10,ICE,2025-12-29,147.7406,159.4748,3.9976,3.94,primary
2025-11-10,OKE,2025-12-29,67.4857,73.3355,3.555,5.11,primary
2025-11-10,PEG,2025-12-29,81.7041,80.3443,1.5467,-1.55,primary
2025-11-10,PGR,2025-12-29,202.1597,199.4517,3.3584,-3.36,primary
2025-11-10,PM,2025-12-29,149.3916,158.8817,1.6991,4.65,primary
2025-11-10,SBUX,2025-12-29,84.8952,83.432,3.5655,-3.57,primary
2025-11-17,ADI,2026-01-05,231.485,299.9907,1.6074,27.99,primary
2025-11-17,AIG,2026-01-05,77.1185,74.9877,3.4904,-3.49,primary
2025-11-17,AJG,2026-01-05,257.9343,263.7835,3.4904,-1.22,primary
2025-11-17,AMT,2026-01-05,181.9198,168.51,1.6074,-1.61,primary
2025-11-17,BKNG,2026-01-05,5008.968,5479.6094,5.6445,3.75,primary
2025-11-17,COP,2026-01-05,89.0051,96.757,3.684,5.03,primary
2025-11-17,CVX,2026-01-05,154.4669,160.5396,3.684,0.25,primary
2025-11-17,ET,2026-01-05,16.6771,16.6477,3.6947,-3.69,primary
2025-11-17,HON,2026-01-05,196.9124,206.3555,5.6003,-0.8,primary
2025-11-17,INTU,2026-01-05,661.2921,645.7108,5.1976,-5.2,primary
2025-11-17,KMI,2026-01-05,27.1664,26.8594,3.0493,-3.05,re_entry
2025-11-17,KR,2026-01-05,66.3871,59.213,3.7057,-3.71,primary
2025-11-17,MCD,2026-01-05,303.6415,305.6128,3.7057,-3.06,primary
2025-11-17,NFLX,2026-01-05,110.75,89.46,3.8821,-3.88,primary
2025-11-17,NKE,2026-01-05,62.2567,65.4853,4.8295,0.36,primary
2025-11-17,PAYX,2026-01-05,110.7187,112.5991,3.8197,-2.12,primary
2025-11-17,ROP,2026-01-05,447.7428,434.81,4.1548,-4.15,primary
2025-11-17,SYK,2026-01-05,361.2002,367.54,3.159,-1.4,primary
2025-11-17,TDG,2026-01-05,1347.29,1392.09,3.159,0.17,primary
2025-11-17,TXN,2026-01-05,157.6013,189.0759,6.6772,13.29,primary
2025-11-17,VRSK,2026-01-05,215.9936,224.3023,3.8197,0.03,primary
2025-11-17,WM,2026-01-05,207.4399,220.0351,3.7057,2.37,primary
2026-02-23,AIG,2026-03-30,79.7695,74.05,3.4904,-3.49,re_entry
