ticker,year,entry_n,trade_mode,signal_date,entry_date,entry_price,candle_high,premium_pct,exit_date,exit_price,exit_reason,pnl_pct,re_entry_date,re_entry_price,re_exit_date,re_exit_price,re_exit_reason,re_pnl_pct
EXR,2016,2,option,2016-03-07,2016-03-14,59.5651,59.3227,1.5633,2016-05-02,63.3775,8W,4.84,,,,,,
KR,2016,2,option,2016-03-07,2016-03-14,31.3481,31.552,3.6157,2016-05-02,28.1831,8W,-3.62,,,,,,
PSA,2016,2,option,2016-03-07,2016-03-14,170.1526,171.3523,1.5633,2016-05-02,176.6467,8W,2.25,,,,,,
ZTS,2016,2,option,2016-03-07,2016-03-14,38.4079,38.6662,2.1919,2016-05-02,43.7668,8W,11.76,,,,,,
AMGN,2016,3,option,2016-03-14,2016-03-21,107.9397,109.2026,1.492,2016-05-09,113.177,8W,3.36,,,,,,
ICE,2016,3,option,2016-03-14,2016-03-21,41.7615,41.7655,2.5232,2016-05-09,45.799,8W,7.14,,,,,,
LLY,2016,6,option,2016-03-21,2016-03-28,60.4146,61.1682,1.5687,2016-05-16,63.7673,8W,3.98,,,,,,
TMUS,2016,5,option,2016-03-21,2016-03-28,35.5556,36.046,1.9172,2016-05-16,40.0938,8W,10.85,,,,,,
BMY,2016,2,option,2016-03-28,2016-04-04,46.4523,46.3052,1.432,2016-05-23,50.9539,8W,8.26,,,,,,
KDP,2016,2,option,2016-03-28,2016-04-04,11.6247,11.6108,1.4409,2016-05-23,11.7099,8W,-0.71,,,,,,
KR,2016,3,option,2016-03-28,2016-04-04,31.2584,31.34,2.8706,2016-05-23,29.2164,8W,-2.87,,,,,,
VLO,2016,2,option,2016-04-04,2016-04-11,41.9707,43.0941,2.4621,2016-05-30,37.5011,8W,-2.46,,,,,,
COST,2016,2,option,2016-04-11,2016-04-18,128.7285,129.5964,2.342,2016-06-06,130.8754,8W,-0.67,,,,,,
LHX,2016,2,option,2016-04-11,2016-04-18,63.9425,64.8769,1.2904,2016-06-06,67.3997,8W,4.12,,,,,,
PNC,2016,2,option,2016-04-11,2016-04-18,60.7196,62.0881,2.158,2016-06-06,63.2799,8W,2.06,,,,,,
KDP,2016,3,option,2016-04-25,2016-05-02,11.5726,11.579,1.7269,2016-06-20,11.7813,8W,0.08,,,,,,
DAL,2016,2,option,2016-05-16,2016-05-23,38.1576,39.6307,8.3516,2016-07-11,35.4777,8W,-8.35,,,,,,
KR,2016,4,option,2016-05-16,2016-05-23,28.3492,28.6683,3.3308,2016-07-11,30.0346,8W,2.61,,,,,,
LHX,2016,3,option,2016-05-16,2016-05-23,65.1085,65.1912,1.4401,2016-07-11,70.9528,8W,7.54,,,,,,
VLO,2016,3,option,2016-05-16,2016-05-23,37.2281,38.6206,2.4364,2016-07-11,33.9584,8W,-2.44,,,,,,
COST,2016,3,option,2016-05-23,2016-05-30,126.3966,130.0388,2.256,2016-07-18,141.5232,8W,9.71,,,,,,
EXR,2016,2,option,2016-05-23,2016-05-30,64.0152,64.31,1.2431,2016-07-18,64.7635,8W,-0.07,,,,,,
GOOG,2016,3,option,2016-05-23,2016-05-30,36.2891,36.398,2.4135,2016-07-18,36.8346,8W,-0.91,,,,,,
GOOGL,2016,3,option,2016-05-23,2016-05-30,37.1311,37.089,3.1595,2016-07-18,37.6528,8W,-1.75,,,,,,
KDP,2016,4,option,2016-05-23,2016-05-30,11.7391,11.8192,1.4431,2016-07-18,12.5686,8W,5.62,,,,,,
PG,2016,2,option,2016-05-23,2016-05-30,62.5733,62.719,1.2283,2016-07-18,65.7487,8W,3.85,,,,,,
TRV,2016,2,option,2016-05-23,2016-05-30,91.9269,92.0476,2.0788,2016-07-18,94.8314,8W,1.08,,,,,,
WEC,2016,2,option,2016-05-23,2016-05-30,43.4538,43.6947,1.2431,2016-07-18,47.7233,8W,8.58,,,,,,
AEP,2016,2,option,2016-05-30,2016-06-06,46.7574,46.963,1.2762,2016-07-25,49.1474,8W,3.84,,,,,,
PANW,2016,2,option,2016-05-30,2016-06-06,23.2733,23.4717,2.9065,2016-07-25,21.815,8W,-2.91,,,,,,
PSA,2016,2,option,2016-05-30,2016-06-06,174.7683,175.4324,1.2762,2016-07-25,161.4864,8W,-1.28,,,,,,
VLO,2016,4,option,2016-05-30,2016-06-06,37.5351,38.5755,2.1591,2016-07-25,35.5496,8W,-2.16,,,,,,
XEL,2016,2,option,2016-05-30,2016-06-06,31.0107,31.1725,1.2762,2016-07-25,32.5935,8W,3.83,,,,,,
DAL,2016,3,option,2016-06-06,2016-06-13,36.9064,37.989,9.3571,2016-08-01,33.4279,8W,-9.36,,,,,,
GE,2016,2,option,2016-06-06,2016-06-13,127.7915,130.008,1.6135,2016-08-01,134.3429,8W,3.51,,,,,,
NKE,2016,3,option,2016-06-06,2016-06-13,48.3552,48.6717,3.1315,2016-08-01,49.1026,8W,-1.59,,,,,,
ORLY,2016,2,option,2016-06-06,2016-06-13,17.3747,17.6247,3.7318,2016-08-01,19.3653,8W,7.73,,,,,,
ADP,2016,2,option,2016-06-13,2016-06-20,71.7964,71.4077,1.839,2016-08-08,72.9785,8W,-0.19,,,,,,
CI,2016,2,option,2016-06-13,2016-06-20,116.2126,118.1668,2.8094,2016-08-08,121.1755,8W,1.46,,,,,,
ABT,2016,2,option,2016-06-20,2016-06-27,31.2985,33.0675,3.422,2016-08-15,37.1414,8W,15.25,,,,,,
KDP,2016,5,option,2016-06-20,2016-06-27,11.7468,11.8733,2.8335,2016-08-15,12.1353,8W,0.47,,,,,,
ORLY,2016,3,option,2016-06-20,2016-06-27,17.7033,17.9553,5.6448,2016-08-15,19.048,8W,1.95,,,,,,
TSN,2016,2,option,2016-06-20,2016-06-27,49.4262,50.6934,5.6448,2016-08-15,58.5699,8W,12.85,,,,,,
VLO,2016,5,option,2016-06-20,2016-06-27,35.4068,36.6715,4.1291,2016-08-15,37.6941,8W,2.33,,,,,,
AAL,2016,2,option,2016-06-27,2016-07-04,27.9562,28.3694,1.3994,2016-08-22,34.9221,8W,23.52,,,,,,
EL,2016,2,option,2016-06-27,2016-07-04,80.7591,81.6157,1.3828,2016-08-22,80.2822,8W,-1.38,,,,,,
ELV,2016,2,option,2016-06-27,2016-07-04,115.0727,115.7632,2.1378,2016-08-22,109.2077,8W,-2.14,,,,,,
FE,2016,2,option,2016-06-27,2016-07-04,23.3716,23.5116,1.3994,2016-08-22,21.7681,8W,-1.4,,,,,,
GE,2016,3,option,2016-06-27,2016-07-04,134.214,135.8461,1.3994,2016-08-22,134.1282,8W,-1.4,,,,,,
GILD,2016,2,option,2016-06-27,2016-07-04,59.817,60.255,1.6145,2016-08-22,56.3486,8W,-1.61,,,,,,
GOOG,2016,4,option,2016-06-27,2016-07-04,34.5196,34.7472,2.717,2016-08-22,38.1637,8W,7.84,,,,,,
GOOGL,2016,4,option,2016-06-27,2016-07-04,34.9615,35.3345,3.5568,2016-08-22,39.3359,8W,8.96,,,,,,
MSFT,2016,2,option,2016-06-27,2016-07-04,45.0376,45.8262,2.6582,2016-08-22,51.7376,8W,12.22,,,,,,
NKE,2016,4,option,2016-06-27,2016-07-04,48.6541,49.0674,2.7159,2016-08-22,51.872,8W,3.9,,,,,,
PM,2016,2,option,2016-06-27,2016-07-04,62.3627,62.9783,1.6246,2016-08-22,61.0083,8W,-1.62,,,,,,
PSA,2016,3,option,2016-06-27,2016-07-04,171.483,173.6932,1.3994,2016-08-22,151.4019,8W,-1.4,,,,,,
TJX,2016,2,option,2016-06-27,2016-07-04,33.4608,33.8489,3.2366,2016-08-22,34.4297,8W,-0.34,,,,,,
UAL,2016,2,option,2016-06-27,2016-07-04,40.8,41.8,8.1153,2016-08-22,46.87,8W,6.76,,,,,,
DAL,2016,4,option,2016-07-04,2016-07-11,33.4279,33.4988,7.2527,2016-08-29,33.1654,8W,-7.25,,,,,,
LUV,2016,2,option,2016-07-04,2016-07-11,36.3952,36.3685,7.2527,2016-08-29,32.8839,8W,-7.25,,,,,,
LVS,2016,2,option,2016-07-04,2016-07-11,35.4654,34.9689,2.106,2016-08-29,42.5033,8W,17.74,,,,,,
PANW,2016,3,option,2016-07-04,2016-07-11,21.035,21.1,2.8483,2016-08-29,24.1967,8W,12.18,,,,,,
VLO,2016,6,option,2016-07-11,2016-07-18,33.8972,34.5772,2.0309,2016-09-05,37.7628,8W,9.37,,,,,,
CTSH,2016,2,option,2016-08-01,2016-08-08,52.6065,53.3386,1.6611,2016-09-26,42.0834,8W,-1.66,,,,,,
PGR,2016,2,option,2016-08-01,2016-08-08,25.8745,25.8745,1.8047,2016-09-26,23.8877,8W,-1.8,,,,,,
LYB,2016,2,option,2016-08-08,2016-08-15,43.7195,44.0421,1.0943,2016-10-03,47.1654,8W,6.79,,,,,,
DAL,2016,5,option,2016-08-15,2016-08-22,32.5943,33.4866,6.2307,2016-10-10,35.7262,8W,3.38,,,,,,
PPG,2016,2,option,2016-08-15,2016-08-22,87.5194,88.2988,1.0617,2016-10-10,77.605,8W,-1.06,,,,,,
ACN,2016,2,option,2016-08-22,2016-08-29,99.2113,100.1769,1.9907,2016-10-17,99.651,8W,-1.55,,,,,,
CTSH,2016,3,option,2016-08-22,2016-08-29,50.9394,51.742,1.9907,2016-10-17,43.8475,8W,-1.99,,,,,,
LUV,2016,3,option,2016-08-22,2016-08-29,32.4561,32.8483,7.5,2016-10-17,37.8223,8W,9.03,,,,,,
AON,2016,2,option,2016-08-29,2016-09-05,103.1778,103.1502,1.8981,2016-10-24,102.3684,8W,-1.9,,,,,,
EXR,2016,2,option,2016-08-29,2016-09-05,56.6491,57.1679,1.135,2016-10-24,50.37,8W,-1.14,,,,,,
MCD,2016,2,option,2016-08-29,2016-09-05,93.3642,91.8688,2.6252,2016-10-24,89.3853,8W,-2.63,,,,,,
PM,2016,3,option,2016-08-29,2016-09-05,62.5843,62.8552,1.3177,2016-10-24,59.9043,8W,-1.32,,,,,,
PSA,2016,4,option,2016-08-29,2016-09-05,153.1998,154.9099,1.135,2016-10-24,141.5845,8W,-1.14,,,,,,
GILD,2016,2,option,2016-09-05,2016-09-12,54.8793,55.9036,1.9129,2016-10-31,51.4737,8W,-1.91,,,,,,
PYPL,2016,2,option,2016-09-05,2016-09-12,37.4498,39.1208,1.9662,2016-10-31,40.6825,8W,6.67,,,,,,
AVB,2016,3,option,2016-11-28,2016-12-05,120.4255,122.5252,1.3378,2017-01-23,127.6312,8W,4.65,,,,,,
IFF,2016,2,option,2016-11-28,2016-12-05,95.3419,96.3457,1.322,2017-01-23,95.2361,8W,-1.32,2017-02-20,97.0558,2017-04-10,105.3356,8W,7.21
NEE,2016,3,option,2016-11-28,2016-12-05,22.6324,23.468,1.3378,2017-01-23,24.0303,8W,4.84,,,,,,
ABT,2016,2,option,2016-12-05,2016-12-12,33.1193,33.2376,1.5609,2017-01-30,36.3775,8W,8.28,,,,,,
AMZN,2016,2,option,2016-12-05,2016-12-12,38.32,38.6895,2.0699,2017-01-30,40.51,8W,3.65,,,,,,
AON,2016,6,option,2016-12-05,2016-12-12,104.2401,107.5613,1.8617,2017-01-30,105.2272,8W,-0.91,,,,,,
AVGO,2016,3,option,2016-12-05,2016-12-12,13.7118,14.0083,2.4359,2017-01-30,15.9674,8W,14.01,,,,,,
BSX,2016,2,option,2016-12-05,2016-12-12,20.85,20.96,1.5609,2017-01-30,25.22,8W,19.4,,,,,,
CCI,2016,5,option,2016-12-05,2016-12-12,57.4441,57.5381,1.1133,2017-01-30,60.2648,8W,3.8,,,,,,
CHTR,2016,3,option,2016-12-05,2016-12-12,281.04,287.27,1.5283,2017-01-30,328.71,8W,15.43,,,,,,
CL,2016,2,option,2016-12-05,2016-12-12,53.2612,53.3336,1.1001,2017-01-30,53.3186,8W,-0.99,,,,,,
CSCO,2016,2,option,2016-12-05,2016-12-12,22.7443,22.9333,1.2861,2017-01-30,23.8852,8W,3.73,,,,,,
EL,2016,6,option,2016-12-05,2016-12-12,70.9223,71.0558,1.1001,2017-01-30,73.8767,8W,3.07,,,,,,
ET,2016,2,option,2016-12-05,2016-12-12,8.073,8.0914,1.9389,2017-01-30,8.788,8W,6.92,,,,,,
JNJ,2016,3,option,2016-12-05,2016-12-12,87.3799,87.7754,1.2687,2017-01-30,88.1166,8W,-0.43,,,,,,
MCO,2016,2,option,2016-12-05,2016-12-12,91.1765,91.9844,1.7136,2017-01-30,97.4746,8W,5.19,,,,,,
PEP,2016,3,option,2016-12-05,2016-12-12,78.3629,78.5365,1.3972,2017-01-30,79.3366,8W,-0.15,,,,,,
PM,2016,6,option,2016-12-05,2016-12-12,56.2407,56.3092,1.2924,2017-01-30,63.6132,8W,11.82,,,,,,
SO,2016,4,option,2016-12-05,2016-12-12,32.6089,32.6908,1.1133,2017-01-30,33.2907,8W,0.98,,,,,,
TMO,2016,3,option,2016-12-05,2016-12-12,140.4909,141.8349,1.3373,2017-01-30,147.6159,8W,3.73,,,,,,
TSLA,2016,4,option,2016-12-05,2016-12-12,12.8533,12.9227,6.456,2017-01-30,16.7553,8W,23.9,,,,,,
TSN,2016,2,option,2016-12-05,2016-12-12,48.7873,48.7322,2.5748,2017-01-30,51.4465,8W,2.88,,,,,,
WAT,2016,2,option,2016-12-05,2016-12-12,138.61,140.28,1.3373,2017-01-30,146.34,8W,4.24,,,,,,
ZTS,2016,3,option,2016-12-05,2016-12-12,48.1046,48.7173,1.5609,2017-01-30,52.0133,8W,6.56,,,,,,
AFL,2016,3,option,2016-12-12,2016-12-19,27.8994,28.5404,1.3173,2017-02-06,28.2098,8W,-0.2,,,,,,
AMT,2016,3,option,2016-12-12,2016-12-19,84.5647,85.9149,1.1559,2017-02-06,84.2447,8W,-1.16,2017-02-20,86.337,2017-04-10,97.9088,8W,12.25
BDX,2016,5,option,2016-12-12,2016-12-19,111.8666,114.6061,1.6206,2017-02-06,118.6654,8W,4.46,,,,,,
DHR,2016,2,option,2016-12-12,2016-12-19,66.912,68.1633,1.3885,2017-02-06,71.1169,8W,4.9,,,,,,
FE,2016,4,option,2016-12-12,2016-12-19,21.7332,21.9919,1.1559,2017-02-06,20.9846,8W,-1.16,,,,,,
ISRG,2016,3,option,2016-12-12,2016-12-19,71.0633,72.4667,1.6206,2017-02-06,78.3911,8W,8.69,,,,,,
KMI,2016,2,option,2016-12-12,2016-12-19,13.102,13.3604,2.0131,2017-02-06,13.9055,8W,4.12,,,,,,
LLY,2016,2,option,2016-12-12,2016-12-19,63.4455,63.6441,1.2984,2017-02-06,67.1669,8W,4.57,,,,,,
MDT,2016,2,option,2016-12-12,2016-12-19,57.4212,58.0383,1.6206,2017-02-06,59.8305,8W,2.58,,,,,,
MRK,2016,2,option,2016-12-12,2016-12-19,44.3619,44.9003,1.3305,2017-02-06,46.0488,8W,2.47,,,,,,
TXN,2016,3,option,2016-12-12,2016-12-19,56.6075,57.103,2.1876,2017-02-06,58.5642,8W,1.27,,,,,,
ABT,2016,3,option,2016-12-19,2016-12-26,32.511,32.6547,1.5197,2017-02-13,38.0016,8W,15.37,,,,,,
ADBE,2016,2,option,2016-12-19,2016-12-26,105.0,106.08,2.4685,2017-02-13,119.67,8W,11.5,,,,,,
AON,2016,7,option,2016-12-19,2016-12-26,104.1662,104.3784,1.8126,2017-02-13,108.745,8W,2.58,,,,,,
IFF,2016,3,option,2016-12-19,2016-12-26,94.2746,94.3302,1.071,2017-02-13,97.2386,8W,2.07,,,,,,
V,2016,2,option,2016-12-19,2016-12-26,73.3774,73.6867,1.2853,2017-02-13,81.9929,8W,10.46,,,,,,
BAX,2016,3,option,2016-12-26,2017-01-02,38.2001,38.5186,1.8651,2017-02-20,43.4593,8W,11.9,,,,,,
ADBE,2017,3,option,2017-01-02,2017-01-09,107.96,108.43,2.4426,2017-02-27,120.04,8W,8.75,,,,,,
AON,2017,8,option,2017-01-02,2017-01-09,105.0888,105.9468,1.7936,2017-02-27,107.7734,8W,0.76,,,,,,
CRM,2017,2,option,2017-01-02,2017-01-09,73.1611,73.2401,2.4426,2017-02-27,81.233,8W,8.59,,,,,,
DHR,2017,3,option,2017-01-02,2017-01-09,68.0853,68.3563,1.2883,2017-02-27,73.5304,8W,6.71,,,,,,
GOOGL,2017,2,option,2017-01-02,2017-01-09,40.9798,41.1082,2.726,2017-02-27,42.106,8W,0.02,,,,,,
KMI,2017,3,option,2017-01-02,2017-01-09,13.2619,13.4772,1.8679,2017-02-27,13.4539,8W,-0.42,,,,,,
MCO,2017,3,option,2017-01-02,2017-01-09,89.9462,90.6715,1.6509,2017-02-27,103.7572,8W,13.7,,,,,,
META,2017,2,option,2017-01-02,2017-01-09,122.588,122.9154,2.5409,2017-02-27,136.1019,8W,8.48,,,,,,
MRK,2017,3,option,2017-01-02,2017-01-09,43.2852,43.6369,1.2346,2017-02-27,47.7931,8W,9.18,,,,,,
SPGI,2017,2,option,2017-01-02,2017-01-09,105.1079,106.6343,1.6509,2017-02-27,119.5892,8W,12.13,,,,,,
TXN,2017,4,option,2017-01-02,2017-01-09,57.6915,57.5366,2.0298,2017-02-27,60.668,8W,3.13,,,,,,
WMB,2017,2,option,2017-01-02,2017-01-09,19.6798,20.0665,1.8679,2017-02-27,18.2004,8W,-1.87,,,,,,
YUM,2017,3,option,2017-01-02,2017-01-09,54.4282,54.8087,2.4806,2017-02-27,55.2328,8W,-1.0,,,,,,
QCOM,2017,2,option,2017-01-09,2017-01-16,51.7983,52.0856,2.0137,2017-03-06,45.9578,8W,-2.01,,,,,,
PEP,2017,4,option,2017-01-16,2017-01-23,77.6684,77.9855,1.3722,2017-03-13,84.6542,8W,7.62,,,,,,
AON,2017,9,option,2017-01-23,2017-01-30,104.1109,104.6275,1.6763,2017-03-20,108.7542,8W,2.78,,,,,,
WY,2017,2,option,2017-01-23,2017-01-30,21.7701,22.5953,1.0024,2017-03-20,23.3838,8W,6.41,,,,,,
CL,2017,3,option,2017-01-30,2017-02-06,53.4075,53.6176,1.027,2017-03-27,59.154,8W,9.73,,,,,,
JNJ,2017,4,option,2017-01-30,2017-02-06,87.977,88.1321,1.1845,2017-03-27,97.2153,8W,9.32,,,,,,
REGN,2017,2,option,2017-01-30,2017-02-06,355.4586,362.362,1.1675,2017-03-27,384.9097,8W,7.12,,,,,,
WMT,2017,4,option,2017-01-30,2017-02-06,18.9356,19.1553,2.4039,2017-03-27,20.7159,8W,7.0,,,,,,
BIIB,2017,2,option,2017-02-06,2017-02-13,276.28,276.41,1.1547,2017-04-03,268.73,8W,-1.15,,,,,,
LVS,2017,2,option,2017-02-06,2017-02-13,42.7214,43.0932,1.7311,2017-04-03,46.015,8W,5.98,,,,,,
MNST,2017,3,option,2017-02-06,2017-02-13,22.46,22.025,1.1934,2017-04-03,22.925,8W,0.88,,,,,,
FANG,2017,2,option,2017-02-13,2017-02-20,84.2256,87.6309,1.896,2017-04-10,80.7434,8W,-1.9,,,,,,
FDX,2017,2,option,2017-02-13,2017-02-20,167.2707,167.6322,2.5178,2017-04-10,158.4427,8W,-2.52,,,,,,
LIN,2017,2,option,2017-02-13,2017-02-20,100.6882,101.4865,1.0886,2017-04-10,101.5075,8W,-0.27,,,,,,
QCOM,2017,3,option,2017-02-13,2017-02-20,44.1268,44.2122,2.0603,2017-04-10,41.373,8W,-2.06,,,,,,
EW,2017,2,option,2017-02-20,2017-02-27,31.56,33.4933,1.5237,2017-04-17,32.59,8W,1.74,,,,,,
HUM,2017,2,option,2017-02-20,2017-02-27,189.5024,191.7011,1.6601,2017-04-17,197.7747,8W,2.71,,,,,,
LVS,2017,3,option,2017-02-20,2017-02-27,42.1717,42.3253,1.83,2017-04-17,46.9811,8W,9.57,,,,,,
C,2017,2,option,2017-02-27,2017-03-06,45.7295,46.5869,1.8004,2017-04-24,44.4659,8W,-1.8,2017-05-29,46.5981,2017-07-17,49.7731,8W,5.01
FDX,2017,3,option,2017-02-27,2017-03-06,166.9522,170.911,2.4017,2017-04-24,163.591,8W,-2.4,,,,,,
WMB,2017,3,option,2017-02-27,2017-03-06,18.1206,18.3416,1.8085,2017-04-24,18.9957,8W,3.02,,,,,,
EQT,2017,2,option,2017-03-13,2017-03-20,28.7741,29.5046,1.8613,2017-05-08,28.4289,8W,-1.86,,,,,,
FANG,2017,3,option,2017-03-13,2017-03-20,79.4828,80.9433,1.8613,2017-05-08,78.3298,8W,-1.86,,,,,,
FDX,2017,4,option,2017-03-13,2017-03-20,168.2047,169.1015,2.4718,2017-05-08,165.2812,8W,-2.47,,,,,,
GIS,2017,2,option,2017-03-13,2017-03-20,43.7561,44.1666,1.2407,2017-05-08,40.8381,8W,-1.24,,,,,,
OXY,2017,2,option,2017-03-13,2017-03-20,50.1211,51.2609,1.8081,2017-05-08,47.8493,8W,-1.81,,,,,,
PLD,2017,2,option,2017-03-13,2017-03-20,39.713,39.6523,1.0687,2017-05-08,42.2802,8W,5.4,,,,,,
ROST,2017,2,option,2017-03-13,2017-03-20,61.7169,62.1652,2.4718,2017-05-08,58.0849,8W,-2.47,,,,,,
SYY,2017,2,option,2017-03-13,2017-03-20,41.81,42.0798,2.4718,2017-05-08,43.0853,8W,0.58,,,,,,
VZ,2017,2,option,2017-03-13,2017-03-20,31.0668,31.073,1.4671,2017-05-08,28.5818,8W,-1.47,,,,,,
FANG,2017,4,option,2017-03-27,2017-04-03,79.5596,80.3591,2.0412,2017-05-22,75.647,8W,-2.04,,,,,,
FDX,2017,5,option,2017-03-27,2017-04-03,168.9032,169.2222,2.7106,2017-05-22,167.5233,8W,-2.71,2017-06-05,174.7759,2017-07-24,179.8331,8W,0.18
GE,2017,2,option,2017-03-27,2017-04-03,130.8168,132.0476,1.172,2017-05-22,120.6627,8W,-1.17,,,,,,
LIN,2017,3,option,2017-03-27,2017-04-03,102.6136,103.3567,1.172,2017-05-22,114.0372,8W,9.96,,,,,,
OKE,2017,2,option,2017-03-27,2017-04-03,31.8444,32.1024,2.0412,2017-05-22,29.9699,8W,-2.04,,,,,,
TGT,2017,2,option,2017-03-27,2017-04-03,42.3436,42.7654,2.7106,2017-05-22,42.1683,8W,-2.71,,,,,,
APD,2017,2,option,2017-04-03,2017-04-10,109.2584,110.7775,1.2194,2017-05-29,118.607,8W,7.34,,,,,,
CVX,2017,2,option,2017-04-03,2017-04-10,74.2899,75.3452,2.063,2017-05-29,70.9123,8W,-2.06,,,,,,
AXP,2017,2,option,2017-05-29,2017-06-05,69.9622,69.9533,1.4656,2017-07-24,75.6214,8W,6.62,,,,,,
BIIB,2017,2,option,2017-05-29,2017-06-05,257.37,258.26,1.0376,2017-07-24,287.44,8W,10.65,,,,,,
GE,2017,4,option,2017-05-29,2017-06-05,122.6408,122.8166,0.9238,2017-07-24,113.1696,8W,-0.92,,,,,,
PCAR,2017,2,option,2017-05-29,2017-06-05,29.9815,30.701,1.1988,2017-07-24,32.4879,8W,7.16,,,,,,
WM,2017,2,option,2017-05-29,2017-06-05,63.2215,63.5545,2.1365,2017-07-24,64.251,8W,-0.51,,,,,,
BAC,2017,3,option,2017-06-05,2017-06-12,19.4449,19.3224,1.7577,2017-07-31,20.3836,8W,3.07,,,,,,
CVX,2017,4,option,2017-06-05,2017-06-12,73.175,73.2369,1.7151,2017-07-31,75.7265,8W,1.77,,,,,,
EPD,2017,3,option,2017-06-05,2017-06-12,14.3667,14.6154,1.7656,2017-07-31,14.2824,8W,-1.77,,,,,,
GS,2017,3,option,2017-06-05,2017-06-12,185.2169,185.3991,1.6953,2017-07-31,190.3188,8W,1.06,,,,,,
JPM,2017,3,option,2017-06-05,2017-06-12,68.7701,68.8413,1.6953,2017-07-31,74.4761,8W,6.6,,,,,,
KMI,2017,2,option,2017-06-05,2017-06-12,11.9418,11.9169,1.7656,2017-07-31,12.648,8W,4.15,,,,,,
PNC,2017,3,option,2017-06-05,2017-06-12,91.5923,92.031,1.6953,2017-07-31,98.8597,8W,6.24,,,,,,
SPG,2017,2,option,2017-06-05,2017-06-12,97.4852,98.1245,2.3447,2017-07-31,103.1197,8W,3.44,,,,,,
BRK-B,2017,4,option,2017-07-17,2017-07-24,171.5,171.87,1.483,2017-09-11,179.89,8W,3.41,,,,,,
ORLY,2017,4,option,2017-07-17,2017-07-24,12.55,12.7467,2.0511,2017-09-11,13.9907,8W,9.43,,,,,,
PEG,2017,3,option,2017-07-17,2017-07-24,33.2849,33.2849,0.8868,2017-09-11,34.4031,8W,2.47,,,,,,
PG,2017,2,option,2017-07-17,2017-07-24,70.6088,70.6605,0.8763,2017-09-11,74.3725,8W,4.45,,,,,,
T,2017,2,option,2017-07-17,2017-07-24,14.9901,15.0763,1.2174,2017-09-11,15.2323,8W,0.4,,,,,,
BAC,2017,5,option,2017-07-24,2017-07-31,19.6897,20.1387,1.6904,2017-09-18,20.5289,8W,2.57,,,,,,
COP,2017,6,option,2017-07-24,2017-07-31,34.5216,34.9861,1.6494,2017-09-18,37.3774,8W,6.62,,,,,,
CVX,2017,6,option,2017-07-24,2017-07-31,74.5436,75.0525,1.6494,2017-09-18,81.4749,8W,7.65,,,,,,
GS,2017,4,option,2017-07-24,2017-07-31,185.4819,185.308,1.6304,2017-09-18,191.9993,8W,1.88,,,,,,
PAYX,2017,3,option,2017-07-24,2017-07-31,44.7721,47.1341,1.5007,2017-09-18,46.2746,8W,1.86,,,,,,
ROST,2017,5,option,2017-07-24,2017-07-31,50.5361,50.7654,2.2549,2017-09-18,55.9984,8W,8.55,,,,,,
TJX,2017,2,option,2017-07-24,2017-07-31,30.8558,30.993,2.2549,2017-09-18,32.1928,8W,2.08,,,,,,
CMCSA,2017,2,option,2017-07-31,2017-08-07,29.8424,30.7611,1.3046,2017-09-25,28.9764,8W,-1.3,,,,,,
D,2017,2,option,2017-07-31,2017-08-07,53.0836,53.3966,0.9503,2017-09-25,52.8459,8W,-0.95,2017-10-16,54.3709,2017-12-04,58.1532,8W,6.01
DUK,2017,2,option,2017-07-31,2017-08-07,60.5731,60.6571,0.9503,2017-09-25,59.402,8W,-0.95,2017-10-16,61.3698,2017-12-04,62.9439,8W,1.61
EMR,2017,4,option,2017-07-31,2017-08-07,49.3591,49.5371,1.0979,2017-09-25,51.2635,8W,2.76,,,,,,
GE,2017,6,option,2017-07-31,2017-08-07,114.1005,114.5881,0.9503,2017-09-25,108.2563,8W,-0.95,,,,,,
IBM,2017,2,option,2017-07-31,2017-08-07,95.2431,95.6832,1.0979,2017-09-25,96.3025,8W,0.01,,,,,,
SRE,2017,2,option,2017-07-31,2017-08-07,44.3932,44.4613,0.9503,2017-09-25,43.5414,8W,-0.95,,,,,,
CMCSA,2017,4,option,2017-09-25,2017-10-02,28.9237,29.2475,1.2369,2017-11-20,27.1239,8W,-1.24,,,,,,
DLR,2017,3,option,2017-09-25,2017-10-02,88.5286,88.4839,2.0521,2017-11-20,87.693,8W,-2.05,2017-12-04,88.551,2018-01-22,83.9759,8W,-2.05
ELV,2017,2,option,2017-09-25,2017-10-02,170.6507,169.6956,1.3765,2017-11-20,196.6932,8W,13.88,,,,,,
KMB,2017,5,option,2017-09-25,2017-10-02,87.217,87.4243,0.8904,2017-11-20,86.2397,8W,-0.89,,,,,,
AMZN,2017,3,option,2017-10-02,2017-10-09,49.662,49.7875,1.7,2017-11-27,58.1175,8W,15.33,,,,,,
AVB,2017,2,option,2017-10-02,2017-10-09,134.831,138.1733,0.9143,2017-11-27,136.8077,8W,0.55,,,,,,
AVGO,2017,4,option,2017-10-02,2017-10-09,19.2995,19.2799,2.0006,2017-11-27,21.3048,8W,8.39,,,,,,
BDX,2017,2,option,2017-10-02,2017-10-09,133.1805,133.612,1.2819,2017-11-27,152.5983,8W,13.3,,,,,,
BKNG,2017,2,option,2017-10-02,2017-10-09,1885.0845,1886.7533,1.7,2017-11-27,1703.4771,8W,-1.7,,,,,,
CCL,2017,2,option,2017-10-02,2017-10-09,59.7095,60.2191,1.5396,2017-11-27,60.4705,8W,-0.27,,,,,,
ECL,2017,3,option,2017-10-02,2017-10-09,120.533,120.5422,0.9035,2017-11-27,123.1626,8W,1.28,,,,,,
JNJ,2017,2,option,2017-10-02,2017-10-09,105.6858,105.4091,1.042,2017-11-27,110.683,8W,3.69,,,,,,
KR,2017,4,option,2017-10-02,2017-10-09,17.3255,17.5008,2.1146,2017-11-27,21.5552,8W,22.3,,,,,,
MDT,2017,2,option,2017-10-02,2017-10-09,62.1398,63.7852,1.2819,2017-11-27,64.9113,8W,3.18,,,,,,
NKE,2017,2,option,2017-10-02,2017-10-09,46.6757,46.8812,1.7745,2017-11-27,53.5122,8W,12.87,,,,,,
NXPI,2017,2,option,2017-10-02,2017-10-09,100.8717,101.1546,1.7304,2017-11-27,101.4729,8W,-1.13,,,,,,
PM,2017,2,option,2017-10-02,2017-10-09,72.1368,72.4213,1.0615,2017-11-27,67.0488,8W,-1.06,,,,,,
REGN,2017,2,option,2017-10-02,2017-10-09,469.3393,473.7992,1.027,2017-11-27,370.9639,8W,-1.03,,,,,,
SYK,2017,2,option,2017-10-02,2017-10-09,135.9863,136.5077,1.2819,2017-11-27,142.5816,8W,3.57,,,,,,
TMUS,2017,5,option,2017-10-02,2017-10-09,59.91,60.2177,1.2551,2017-11-27,58.5543,8W,-1.26,,,,,,
TSLA,2017,4,option,2017-10-02,2017-10-09,23.31,24.0067,5.3022,2017-11-27,20.4353,8W,-5.3,,,,,,
KDP,2017,4,option,2017-10-09,2017-10-16,11.7507,11.8205,1.0571,2017-12-04,12.407,8W,4.53,,,,,,
KMB,2017,6,option,2017-10-09,2017-10-16,87.7723,87.9351,0.8997,2017-12-04,88.9273,8W,0.42,,,,,,
PEP,2017,2,option,2017-10-09,2017-10-16,87.0187,87.0573,1.1427,2017-12-04,90.4467,8W,2.8,,,,,,
WDC,2017,4,option,2017-10-09,2017-10-16,60.1987,60.5486,1.0519,2017-12-04,55.8968,8W,-1.05,,,,,,
ZTS,2017,2,option,2017-10-09,2017-10-16,61.2324,61.1764,1.2766,2017-12-04,67.2076,8W,8.48,,,,,,
ALL,2017,2,option,2017-10-16,2017-10-23,76.6627,77.1823,1.5797,2017-12-11,86.0581,8W,10.68,,,,,,
BAX,2017,2,option,2017-10-16,2017-10-23,55.3061,55.6791,1.3244,2017-12-11,56.8163,8W,1.41,,,,,,
CMCSA,2017,5,option,2017-10-16,2017-10-23,28.1825,28.1447,1.2968,2017-12-11,30.0276,8W,5.25,,,,,,
ELV,2017,3,option,2017-10-16,2017-10-23,173.6315,177.8083,1.443,2017-12-11,202.4975,8W,15.18,,,,,,
EW,2017,2,option,2017-10-16,2017-10-23,37.85,37.8167,1.3244,2017-12-11,38.0733,8W,-0.73,,,,,,
GE,2017,9,option,2017-10-16,2017-10-23,104.9432,106.7341,0.9446,2017-12-11,79.7819,8W,-0.94,,,,,,
HCA,2017,4,option,2017-10-16,2017-10-23,75.4885,75.3121,1.443,2017-12-11,82.1064,8W,7.32,,,,,,
MCK,2017,3,option,2017-10-16,2017-10-23,140.7733,142.2618,1.443,2017-12-11,152.563,8W,6.93,,,,,,
NKE,2017,3,option,2017-10-16,2017-10-23,47.4174,47.8106,1.8333,2017-12-11,58.0923,8W,20.68,,,,,,
WBD,2017,3,option,2017-10-16,2017-10-23,20.27,20.3,1.5907,2017-12-11,21.04,8W,2.21,,,,,,
AAPL,2017,2,option,2017-10-23,2017-10-30,38.2085,38.1409,2.2926,2017-12-18,40.9476,8W,4.88,,,,,,
AVGO,2017,5,option,2017-10-23,2017-10-30,19.8722,19.8479,2.0317,2017-12-18,20.5822,8W,1.54,,,,,,
CCL,2017,3,option,2017-10-23,2017-10-30,61.1656,61.6297,1.5636,2017-12-18,60.7912,8W,-1.56,2018-01-15,63.5857,2018-03-05,62.2198,8W,-1.56
SRE,2017,2,option,2017-10-23,2017-10-30,44.0411,44.3273,0.9285,2017-12-18,41.321,8W,-0.93,,,,,,
TMUS,2017,6,option,2017-10-23,2017-10-30,60.2561,60.5734,1.2746,2017-12-18,61.1695,8W,0.24,,,,,,
UAL,2017,3,option,2017-10-23,2017-10-30,59.78,61.33,5.3846,2017-12-18,67.25,8W,7.11,,,,,,
CCI,2017,2,option,2017-10-30,2017-11-06,77.5372,77.3694,0.866,2017-12-25,78.3529,8W,0.19,,,,,,
HCA,2017,5,option,2017-10-30,2017-11-06,70.959,72.0357,1.3229,2017-12-25,81.5309,8W,13.58,,,,,,
PEP,2017,3,option,2017-10-30,2017-11-06,84.7379,85.3543,1.0868,2017-12-25,93.046,8W,8.72,,,,,,
PGR,2017,2,option,2017-10-30,2017-11-06,38.4726,38.8279,1.4482,2017-12-25,43.5009,8W,11.62,,,,,,
WELL,2017,2,option,2017-10-30,2017-11-06,50.2587,50.6745,0.866,2017-12-25,47.9605,8W,-0.87,,,,,,
YUM,2017,2,option,2017-10-30,2017-11-06,67.6965,69.1103,2.0029,2017-12-25,70.1883,8W,1.68,,,,,,
CMCSA,2017,6,option,2017-11-06,2017-11-13,27.7439,28.2128,1.4684,2018-01-01,31.0333,8W,10.39,,,,,,
EPD,2017,6,option,2017-11-06,2017-11-13,13.6665,13.7922,1.863,2018-01-01,15.1589,8W,9.06,,,,,,
EW,2017,3,option,2017-11-06,2017-11-13,34.5767,35.14,1.4998,2018-01-01,38.62,8W,10.19,,,,,,
KDP,2017,5,option,2017-11-06,2017-11-13,11.383,11.4041,1.2418,2018-01-01,12.6629,8W,10.0,,,,,,
KMB,2017,7,option,2017-11-06,2017-11-13,84.3443,84.7441,1.057,2018-01-01,88.1912,8W,3.5,,,,,,
CCL,2017,4,option,2017-11-13,2017-11-20,60.3283,60.3647,1.8236,2018-01-08,63.8514,8W,4.02,,,,,,
ECL,2017,4,option,2017-11-13,2017-11-20,119.8665,121.0078,1.0701,2018-01-08,126.0924,8W,4.12,,,,,,
MCK,2017,4,option,2017-11-13,2017-11-20,132.3671,133.8836,1.6544,2018-01-08,155.9876,8W,16.19,,,,,,
PM,2017,3,option,2017-11-13,2017-11-20,66.37,67.12,1.2572,2018-01-08,68.2349,8W,1.55,,,,,,
TMUS,2017,7,option,2017-11-13,2017-11-20,57.4486,57.7563,1.4867,2018-01-08,61.2272,8W,5.09,,,,,,
TSLA,2017,5,option,2017-11-13,2017-11-20,20.9193,21.778,6.2802,2018-01-08,22.4147,8W,0.87,,,,,,
UAL,2017,4,option,2017-11-13,2017-11-20,58.26,58.76,6.2802,2018-01-08,78.4,8W,28.29,,,,,,
WBD,2017,4,option,2017-11-13,2017-11-20,17.55,17.73,1.8236,2018-01-08,24.33,8W,36.81,,,,,,
CSX,2017,3,option,2017-11-20,2017-11-27,15.1326,15.2545,0.9162,2018-01-15,17.1543,8W,12.44,,,,,,
HCA,2017,6,option,2017-11-20,2017-11-27,71.6458,72.574,1.3996,2018-01-15,86.3296,8W,19.1,,,,,,
META,2017,2,option,2017-11-20,2017-11-27,181.1385,181.7239,2.1705,2018-01-15,179.8784,8W,-2.17,,,,,,
NCLH,2017,2,option,2017-11-20,2017-11-27,55.55,56.0,1.5428,2018-01-15,59.43,8W,5.44,,,,,,
PCG,2017,2,option,2017-11-20,2017-11-27,53.3811,53.7666,0.9162,2018-01-15,43.8812,8W,-0.92,,,,,,
WMB,2017,3,option,2017-11-20,2017-11-27,17.7212,17.987,1.5956,2018-01-15,20.6586,8W,14.98,,,,,,
BAX,2017,3,option,2017-11-27,2017-12-04,57.0511,57.4142,1.5184,2018-01-22,62.8432,8W,8.63,,,,,,
CHTR,2017,2,option,2017-11-27,2017-12-04,330.2,340.55,1.4867,2018-01-22,377.0,8W,12.69,,,,,,
EPD,2017,7,option,2017-11-27,2017-12-04,13.754,13.8031,1.8861,2018-01-22,16.0554,8W,14.85,,,,,,
HUM,2017,2,option,2017-11-27,2017-12-04,242.8809,243.2988,1.6544,2018-01-22,268.1751,8W,8.76,,,,,,
ORCL,2017,2,option,2017-11-27,2017-12-04,44.0732,44.2325,1.8479,2018-01-22,46.847,8W,4.45,,,,,,
FCX,2017,2,option,2017-12-04,2017-12-11,13.6174,13.5721,0.9077,2018-01-29,16.2594,8W,18.49,,,,,,
GE,2017,10,option,2017-12-04,2017-12-11,78.8417,80.8564,0.9077,2018-01-29,70.5053,8W,-0.91,,,,,,
NCLH,2017,3,option,2017-12-04,2017-12-11,54.75,56.84,1.5285,2018-01-29,59.0,8W,6.23,,,,,,
O,2017,2,option,2017-12-04,2017-12-11,36.2849,36.4676,0.9077,2018-01-29,33.5653,8W,-0.91,,,,,,
REGN,2017,3,option,2017-12-04,2017-12-11,380.7975,383.0522,1.0195,2018-01-29,345.5257,8W,-1.02,,,,,,
AMD,2017,2,option,2017-12-11,2017-12-18,10.6,10.32,2.3566,2018-02-05,11.31,8W,4.34,,,,,,
BAX,2017,4,option,2017-12-11,2017-12-18,56.9554,57.0598,1.2514,2018-02-05,55.9292,8W,-1.25,2018-02-19,58.0599,2018-04-09,57.2907,8W,-1.25
BKNG,2017,3,option,2017-12-11,2017-12-18,1744.2847,1743.1655,1.6595,2018-02-05,1732.6323,8W,-1.66,,,,,,
CHTR,2017,3,option,2017-12-11,2017-12-18,324.47,334.15,1.2252,2018-02-05,349.43,8W,6.47,,,,,,
TMO,2017,2,option,2017-12-11,2017-12-18,189.0781,188.7052,1.0721,2018-02-05,195.7977,8W,2.48,,,,,,
WELL,2017,3,option,2017-12-11,2017-12-18,50.4649,50.5777,0.8925,2018-02-05,41.7257,8W,-0.89,,,,,,
CCL,2017,5,option,2017-12-18,2017-12-25,60.8187,63.375,1.5795,2018-02-12,63.6773,8W,3.12,,,,,,
ETN,2017,2,option,2017-12-18,2017-12-25,66.12,66.8272,1.0836,2018-02-12,70.5422,8W,5.6,,,,,,
GD,2017,2,option,2017-12-18,2017-12-25,168.4734,168.9717,0.938,2018-02-12,186.95,8W,10.03,,,,,,
NEM,2017,2,option,2017-12-18,2017-12-25,29.291,29.2831,0.938,2018-02-12,30.9614,8W,4.76,,,,,,
PCAR,2017,2,option,2017-12-18,2017-12-25,34.7807,34.9222,1.2172,2018-02-12,33.5796,8W,-1.22,2018-02-26,35.1256,2018-04-16,33.9005,8W,-1.22
DLR,2017,2,option,2017-12-25,2018-01-01,85.7735,86.2775,2.3822,2018-02-19,76.8682,8W,-2.38,,,,,,
AMGN,2018,2,option,2018-01-01,2018-01-08,140.484,141.2312,0.9812,2018-02-26,145.1536,8W,2.34,,,,,,
AON,2018,2,option,2018-01-01,2018-01-08,126.7078,127.5194,1.4608,2018-02-26,129.518,8W,0.76,,,,,,
BAX,2018,5,option,2018-01-01,2018-01-08,60.1645,60.3124,1.2248,2018-02-26,57.6425,8W,-1.22,,,,,,
BMY,2018,2,option,2018-01-01,2018-01-08,46.2015,46.1975,1.0078,2018-02-26,49.4845,8W,6.1,,,,,,
BSX,2018,2,option,2018-01-01,2018-01-08,25.91,26.04,1.2248,2018-02-26,26.77,8W,2.09,,,,,,
GILD,2018,2,option,2018-01-01,2018-01-08,54.7207,55.258,1.0078,2018-02-26,57.9227,8W,4.84,,,,,,
HUM,2018,3,option,2018-01-01,2018-01-08,245.4684,246.4172,1.3345,2018-02-26,250.9753,8W,0.91,,,,,,
MCHP,2018,2,option,2018-01-01,2018-01-08,39.3907,39.7934,1.6533,2018-02-26,39.2831,8W,-1.65,2018-03-12,42.8289,2018-04-30,37.6566,8W,-1.65
META,2018,3,option,2018-01-01,2018-01-08,185.7424,185.4447,2.0695,2018-02-26,175.2448,8W,-2.07,,,,,,
NCLH,2018,4,option,2018-01-01,2018-01-08,54.92,55.78,1.471,2018-02-26,56.44,8W,1.3,,,,,,
ORCL,2018,3,option,2018-01-01,2018-01-08,42.7286,43.0205,1.4906,2018-02-26,44.6889,8W,3.1,,,,,,
PANW,2018,2,option,2018-01-01,2018-01-08,25.3683,25.515,1.9895,2018-02-26,29.4617,8W,14.15,,,,,,
PCG,2018,3,option,2018-01-01,2018-01-08,43.7824,44.158,0.8736,2018-02-26,40.2533,8W,-0.87,,,,,,
TMO,2018,3,option,2018-01-01,2018-01-08,197.9593,198.2136,1.0493,2018-02-26,201.9207,8W,0.95,,,,,,
TSLA,2018,6,option,2018-01-01,2018-01-08,21.0667,21.6833,5.0659,2018-02-26,22.3413,8W,0.98,,,,,,
C,2018,2,option,2018-01-08,2018-01-15,59.1666,58.5579,1.669,2018-03-05,58.1461,8W,-1.67,,,,,,
RCL,2018,2,option,2018-01-08,2018-01-15,118.5086,117.8348,1.621,2018-03-05,116.8839,8W,-1.62,,,,,,
AMT,2018,2,option,2018-01-15,2018-01-22,112.1694,112.422,1.0678,2018-03-12,119.3873,8W,5.37,,,,,,
LRCX,2018,2,option,2018-01-15,2018-01-22,18.5755,18.4997,2.8195,2018-03-12,19.8305,8W,3.94,,,,,,
AVB,2018,3,option,2018-01-22,2018-01-29,128.9378,131.5844,1.0498,2018-03-19,120.1691,8W,-1.05,,,,,,
DLR,2018,3,option,2018-01-22,2018-01-29,84.5626,84.2768,2.3908,2018-03-19,77.6861,8W,-2.39,,,,,,
GM,2018,2,option,2018-01-22,2018-01-29,38.1106,38.9961,6.0879,2018-03-19,31.1475,8W,-6.09,,,,,,
META,2018,4,option,2018-01-22,2018-01-29,187.2803,189.1755,2.487,2018-03-19,158.1489,8W,-2.49,,,,,,
PLD,2018,2,option,2018-01-22,2018-01-29,51.0521,51.6401,1.0498,2018-03-19,48.1271,8W,-1.05,,,,,,
WELL,2018,4,option,2018-01-22,2018-01-29,45.2379,45.8697,1.0498,2018-03-19,39.7544,8W,-1.05,,,,,,
ABBV,2018,2,option,2018-06-04,2018-06-11,72.1062,72.0632,1.3314,2018-07-30,69.9234,8W,-1.33,,,,,,
APD,2018,4,option,2018-06-04,2018-06-11,139.7983,139.8066,1.154,2018-07-30,133.5364,8W,-1.15,,,,,,
BAC,2018,3,option,2018-06-04,2018-06-11,25.022,25.1715,2.0008,2018-07-30,26.168,8W,2.58,,,,,,
BDX,2018,3,option,2018-06-04,2018-06-11,157.8803,157.5999,1.618,2018-07-30,168.3075,8W,4.99,,,,,,
BRK-B,2018,4,option,2018-06-04,2018-06-11,196.3,196.4,1.9298,2018-07-30,200.24,8W,0.08,,,,,,
C,2018,4,option,2018-06-04,2018-06-11,52.9023,52.9637,2.0008,2018-07-30,55.5658,8W,3.03,,,,,,
CB,2018,4,option,2018-06-04,2018-06-11,116.5858,116.7779,1.9298,2018-07-30,121.9072,8W,2.63,,,,,,
DG,2018,4,option,2018-06-04,2018-06-11,85.4532,86.6982,2.669,2018-07-30,88.8811,8W,1.34,,,,,,
DHR,2018,4,option,2018-06-04,2018-06-11,87.9561,88.2036,1.3862,2018-07-30,86.6802,8W,-1.39,,,,,,
ELV,2018,2,option,2018-06-04,2018-06-11,205.5374,207.0073,1.7629,2018-07-30,232.4247,8W,11.32,,,,,,
GS,2018,3,option,2018-06-04,2018-06-11,196.8382,197.9288,1.9298,2018-07-30,196.3935,8W,-1.93,,,,,,
IFF,2018,4,option,2018-06-04,2018-06-11,102.5149,103.4183,1.1403,2018-07-30,109.829,8W,5.99,,,,,,
JPM,2018,3,option,2018-06-04,2018-06-11,89.7924,90.0994,1.9298,2018-07-30,95.1307,8W,4.02,,,,,,
KMB,2018,4,option,2018-06-04,2018-06-11,78.4706,77.8725,1.1403,2018-07-30,88.7614,8W,11.97,,,,,,
LUV,2018,3,option,2018-06-04,2018-06-11,46.1379,47.0058,6.6923,2018-07-30,51.9775,8W,5.96,,,,,,
PCAR,2018,3,option,2018-06-04,2018-06-11,32.0418,32.3224,1.4975,2018-07-30,31.712,8W,-1.5,,,,,,
PGR,2018,3,option,2018-06-04,2018-06-11,49.6386,50.1276,1.9298,2018-07-30,48.55,8W,-1.93,2018-08-20,52.4861,2018-10-08,52.7385,8W,-1.45
PNC,2018,2,option,2018-06-04,2018-06-11,113.2048,113.5618,1.9298,2018-07-30,110.9357,8W,-1.93,,,,,,
TFC,2018,2,option,2018-06-04,2018-06-11,39.0072,39.1356,2.0008,2018-07-30,36.81,8W,-2.0,,,,,,
TMO,2018,3,option,2018-06-04,2018-06-11,213.0341,214.336,1.3862,2018-07-30,228.5724,8W,5.91,,,,,,
VZ,2018,4,option,2018-06-04,2018-06-11,32.4003,32.2498,1.5842,2018-07-30,34.6171,8W,5.26,,,,,,
ALL,2018,5,option,2018-06-11,2018-06-18,77.7608,79.3491,1.8981,2018-08-06,82.4505,8W,4.13,,,,,,
CCL,2018,3,option,2018-06-11,2018-06-18,59.7398,60.7993,1.9114,2018-08-06,55.3904,8W,-1.91,,,,,,
CSCO,2018,2,option,2018-06-11,2018-06-18,34.8917,35.6393,1.3113,2018-08-06,35.0915,8W,-0.74,,,,,,
DLTR,2018,3,option,2018-06-11,2018-06-18,87.39,88.78,2.6252,2018-08-06,92.43,8W,3.14,,,,,,
NCLH,2018,3,option,2018-06-11,2018-06-18,54.42,55.11,1.9114,2018-08-06,50.61,8W,-1.91,,,,,,
NEE,2018,2,option,2018-06-11,2018-06-18,32.9422,32.9484,1.135,2018-08-06,35.2763,8W,5.95,,,,,,
SBUX,2018,2,option,2018-06-11,2018-06-18,47.8787,48.2498,2.6252,2018-08-06,43.4425,8W,-2.63,,,,,,
VRTX,2018,2,option,2018-06-11,2018-06-18,153.9,156.3,1.2749,2018-08-06,174.82,8W,12.32,,,,,,
C,2018,5,option,2018-06-18,2018-06-25,51.2673,52.3573,2.262,2018-08-13,53.8151,8W,2.71,,,,,,
CCI,2018,5,option,2018-06-18,2018-06-25,74.546,74.9203,1.3046,2018-08-13,81.9761,8W,8.66,,,,,,
FANG,2018,3,option,2018-06-18,2018-06-25,96.6441,100.5219,2.2722,2018-08-13,92.4663,8W,-2.27,2018-10-01,104.3232,2018-11-19,80.8684,8W,-2.27
AMCR,2018,5,option,2018-06-25,2018-07-02,37.3815,38.0936,1.5245,2018-08-20,37.0255,8W,-1.52,,,,,,
CB,2018,5,option,2018-06-25,2018-07-02,111.2104,112.9932,2.5493,2018-08-20,118.6666,8W,4.16,,,,,,
FCX,2018,3,option,2018-06-25,2018-07-02,15.4428,15.842,1.5245,2018-08-20,13.1669,8W,-1.52,,,,,,
T,2018,3,option,2018-06-25,2018-07-02,13.9196,14.0624,2.0928,2018-08-20,14.4194,8W,1.5,,,,,,
ABBV,2018,3,option,2018-07-02,2018-07-09,70.2562,69.6037,1.4615,2018-08-27,69.525,8W,-1.46,,,,,,
ALL,2018,6,option,2018-07-02,2018-07-09,77.5435,77.393,2.1184,2018-08-27,84.0723,8W,6.3,,,,,,
AON,2018,2,option,2018-07-02,2018-07-09,131.1912,131.6883,2.1184,2018-08-27,137.2735,8W,2.52,,,,,,
BRK-B,2018,5,option,2018-07-02,2018-07-09,188.11,188.73,2.1184,2018-08-27,208.72,8W,8.84,,,,,,
GD,2018,3,option,2018-07-02,2018-07-09,159.2425,161.929,1.2667,2018-08-27,162.7689,8W,0.95,,,,,,
GS,2018,4,option,2018-07-02,2018-07-09,187.3914,188.4653,2.1184,2018-08-27,199.5145,8W,4.35,,,,,,
IBM,2018,3,option,2018-07-02,2018-07-09,97.6085,97.8481,1.4635,2018-08-27,101.3547,8W,2.37,,,,,,
ITW,2018,4,option,2018-07-02,2018-07-09,116.6165,117.5662,1.4635,2018-08-27,115.6836,8W,-1.46,,,,,,
LHX,2018,2,option,2018-07-02,2018-07-09,125.1473,126.8993,1.2667,2018-08-27,140.2599,8W,10.81,,,,,,
RCL,2018,4,option,2018-07-02,2018-07-09,99.0222,98.2104,2.1331,2018-08-27,114.3705,8W,13.37,,,,,,
RTX,2018,3,option,2018-07-02,2018-07-09,66.2628,66.7676,1.2667,2018-08-27,69.6248,8W,3.81,,,,,,
TRV,2018,3,option,2018-07-02,2018-07-09,104.9045,105.0824,2.1184,2018-08-27,111.478,8W,4.15,,,,,,
USB,2018,3,option,2018-07-02,2018-07-09,37.2027,37.3947,2.1184,2018-08-27,39.9571,8W,5.29,,,,,,
WAT,2018,6,option,2018-07-02,2018-07-09,197.08,197.01,1.5216,2018-08-27,189.48,8W,-1.52,,,,,,
WDC,2018,2,option,2018-07-02,2018-07-09,54.7742,55.0607,1.4635,2018-08-27,44.1827,8W,-1.46,,,,,,
WM,2018,4,option,2018-07-02,2018-07-09,72.3821,72.5489,2.9298,2018-08-27,79.8003,8W,7.32,,,,,,
AMAT,2018,4,option,2018-07-09,2018-07-16,42.2346,43.0418,3.0471,2018-09-03,36.724,8W,-3.05,,,,,,
APD,2018,5,option,2018-07-09,2018-07-16,131.0235,133.2943,1.154,2018-09-03,137.6186,8W,3.88,,,,,,
BAC,2018,4,option,2018-07-09,2018-07-16,23.9009,24.3576,2.0008,2018-09-03,25.6282,8W,5.23,,,,,,
BLK,2018,3,option,2018-07-09,2018-07-16,411.4335,421.7194,1.9583,2018-09-03,387.9325,8W,-1.96,,,,,,
CAT,2018,4,option,2018-07-09,2018-07-16,119.1522,119.981,1.4975,2018-09-03,120.2571,8W,-0.57,,,,,,
CME,2018,3,option,2018-07-09,2018-07-16,124.8166,125.2431,2.1921,2018-09-03,130.0163,8W,1.97,,,,,,
COF,2018,4,option,2018-07-09,2018-07-16,82.8281,84.9806,1.8309,2018-09-03,86.4354,8W,2.52,,,,,,
DAL,2018,4,option,2018-07-09,2018-07-16,47.1281,47.48,6.6923,2018-09-03,53.0055,8W,5.78,,,,,,
JPM,2018,4,option,2018-07-09,2018-07-16,86.9736,88.0704,1.9298,2018-09-03,92.8802,8W,4.86,,,,,,
LRCX,2018,4,option,2018-07-09,2018-07-16,15.3737,15.9855,3.0471,2018-09-03,14.3369,8W,-3.05,,,,,,
MAR,2018,2,option,2018-07-09,2018-07-16,123.2004,123.3788,2.1457,2018-09-03,119.2446,8W,-2.15,,,,,,
MS,2018,3,option,2018-07-09,2018-07-16,38.0804,38.42,1.9298,2018-09-03,38.3055,8W,-1.34,,,,,,
NOC,2018,2,option,2018-07-09,2018-07-16,284.3713,284.1246,1.154,2018-09-03,265.8238,8W,-1.15,,,,,,
PCAR,2018,4,option,2018-07-09,2018-07-16,31.2543,31.3577,1.4975,2018-09-03,34.1166,8W,7.66,,,,,,
PH,2018,4,option,2018-07-09,2018-07-16,142.4626,144.5654,1.3332,2018-09-03,159.0539,8W,10.31,,,,,,
PNC,2018,3,option,2018-07-09,2018-07-16,104.8789,106.0184,1.9298,2018-09-03,109.3523,8W,2.34,,,,,,
ROP,2018,3,option,2018-07-09,2018-07-16,272.0588,272.0875,2.1921,2018-09-03,291.1141,8W,4.81,,,,,,
SBUX,2018,3,option,2018-07-09,2018-07-16,43.4762,43.5606,2.669,2018-09-03,46.5899,8W,4.49,,,,,,
TEL,2018,3,option,2018-07-09,2018-07-16,80.6495,82.0332,1.3332,2018-09-03,79.4788,8W,-1.33,,,,,,
TMO,2018,4,option,2018-07-09,2018-07-16,206.5792,210.3508,1.3862,2018-09-03,231.1586,8W,10.51,,,,,,
YUM,2018,2,option,2018-07-09,2018-07-16,68.5102,69.2304,2.669,2018-09-03,77.0399,8W,9.78,,,,,,
AAL,2018,2,option,2018-07-16,2018-07-23,36.8527,38.3699,1.2184,2018-09-10,39.0,8W,4.61,,,,,,
AFL,2018,6,option,2018-07-16,2018-07-23,35.8928,36.2433,1.3886,2018-09-10,39.6088,8W,8.96,,,,,,
CCL,2018,4,option,2018-07-16,2018-07-23,54.0893,55.5577,2.0518,2018-09-10,59.9174,8W,8.72,,,,,,
DHR,2018,5,option,2018-07-16,2018-07-23,86.7059,90.7077,1.4636,2018-09-10,91.3832,8W,3.93,,,,,,
NCLH,2018,4,option,2018-07-16,2018-07-23,49.9,51.7,2.0518,2018-09-10,55.47,8W,9.11,,,,,,
NEM,2018,2,option,2018-07-16,2018-07-23,29.4642,29.9028,1.2184,2018-09-10,24.2253,8W,-1.22,,,,,,
PGR,2018,4,option,2018-07-16,2018-07-23,47.1696,47.7218,2.0376,2018-09-10,53.827,8W,12.08,,,,,,
T,2018,4,option,2018-07-16,2018-07-23,13.7568,14.1853,1.6726,2018-09-10,14.8435,8W,6.23,,,,,,
ABBV,2018,4,option,2018-07-23,2018-07-30,65.6786,68.4964,1.4243,2018-09-17,66.8303,8W,0.33,,,,,,
APD,2018,6,option,2018-07-23,2018-07-30,135.0557,136.0325,1.2345,2018-09-17,142.4271,8W,4.22,,,,,,
CSCO,2018,3,option,2018-07-23,2018-07-30,34.0335,35.1316,1.4262,2018-09-17,38.9229,8W,12.94,,,,,,
DE,2018,3,option,2018-07-23,2018-07-30,126.8874,129.1441,1.602,2018-09-17,136.8456,8W,6.25,,,,,,
EMR,2018,2,option,2018-07-23,2018-07-30,59.5863,59.7781,1.4262,2018-09-17,65.4706,8W,8.45,,,,,,
TFC,2018,3,option,2018-07-23,2018-07-30,36.6531,36.7744,2.1405,2018-09-17,36.9839,8W,-1.24,,,,,,
COF,2018,5,option,2018-07-30,2018-08-06,84.8099,84.6657,1.7497,2018-09-24,83.4128,8W,-1.75,,,,,,
ECL,2018,2,option,2018-07-30,2018-08-06,134.9932,135.592,1.0898,2018-09-24,144.7944,8W,6.17,,,,,,
IP,2018,2,option,2018-07-30,2018-08-06,35.1644,36.1032,1.1028,2018-09-24,33.2645,8W,-1.1,,,,,,
ITW,2018,5,option,2018-07-30,2018-08-06,116.6082,120.1067,1.2741,2018-09-24,117.5495,8W,-0.47,,,,,,
MAR,2018,3,option,2018-07-30,2018-08-06,120.6376,121.398,2.0506,2018-09-24,124.3493,8W,1.03,,,,,,
ZTS,2018,2,option,2018-07-30,2018-08-06,86.3486,86.4049,1.5463,2018-09-24,86.001,8W,-1.55,,,,,,
NOW,2018,2,option,2018-08-06,2018-08-13,37.402,38.126,2.9206,2018-10-01,37.32,8W,-2.92,,,,,,
SCHW,2018,2,option,2018-08-06,2018-08-13,45.6029,46.5535,2.0851,2018-10-01,46.3227,8W,-0.51,,,,,,
CME,2018,4,option,2018-08-13,2018-08-20,126.702,127.2706,2.2749,2018-10-08,132.5863,8W,2.37,,,,,,
DE,2018,4,option,2018-08-13,2018-08-20,126.8157,127.5142,1.5541,2018-10-08,133.5191,8W,3.73,,,,,,
EL,2018,2,option,2018-08-13,2018-08-20,127.9949,126.0629,1.1834,2018-10-08,114.8906,8W,-1.18,,,,,,
IP,2018,3,option,2018-08-13,2018-08-20,35.261,35.0705,1.1976,2018-10-08,28.8788,8W,-1.2,,,,,,
ITW,2018,6,option,2018-08-13,2018-08-20,116.4083,116.8331,1.3836,2018-10-08,109.6118,8W,-1.38,,,,,,
MAR,2018,4,option,2018-08-13,2018-08-20,116.2537,116.2913,2.2267,2018-10-08,110.6552,8W,-2.23,,,,,,
NOC,2018,3,option,2018-08-13,2018-08-20,259.8888,261.0341,1.1976,2018-10-08,267.4602,8W,1.72,,,,,,
SYK,2018,2,option,2018-08-13,2018-08-20,157.1638,157.0715,1.6791,2018-10-08,158.2606,8W,-0.98,,,,,,
TSN,2018,5,option,2018-08-13,2018-08-20,50.3272,50.3996,2.7698,2018-10-08,48.7718,8W,-2.77,,,,,,
ADBE,2018,2,option,2018-08-20,2018-08-27,263.0,263.39,2.5872,2018-10-15,245.03,8W,-2.59,,,,,,
BKNG,2018,2,option,2018-08-20,2018-08-27,1878.8901,1894.6066,2.1122,2018-10-15,1772.6251,8W,-2.11,,,,,,
BLK,2018,4,option,2018-08-20,2018-08-27,394.1039,394.7704,1.9277,2018-10-15,332.6818,8W,-1.93,,,,,,
MU,2018,2,option,2018-08-20,2018-08-27,50.081,49.5641,2.9996,2018-10-15,39.4504,8W,-3.0,,,,,,
NOW,2018,3,option,2018-08-20,2018-08-27,38.8,38.95,2.661,2018-10-15,35.43,8W,-2.66,,,,,,
NVDA,2018,2,option,2018-08-20,2018-08-27,6.7678,6.7527,2.9996,2018-10-15,5.6756,8W,-3.0,,,,,,
VLO,2018,2,option,2018-08-20,2018-08-27,89.4775,89.8618,1.9219,2018-10-15,68.5492,8W,-1.92,,,,,,
WAT,2018,7,option,2018-08-20,2018-08-27,190.35,189.86,1.3646,2018-10-15,185.42,8W,-1.36,2018-11-05,193.97,2018-12-24,184.76,8W,-1.36
WDC,2018,3,option,2018-08-20,2018-08-27,44.7486,45.58,1.3124,2018-10-15,39.8397,8W,-1.31,,,,,,
DHR,2018,6,option,2018-08-27,2018-09-03,88.6384,88.7752,1.4636,2018-10-22,83.1855,8W,-1.46,2018-11-12,89.1799,2018-12-31,86.1578,8W,-1.46
ITW,2018,7,option,2018-08-27,2018-09-03,115.5254,117.1163,1.4076,2018-10-22,104.1006,8W,-1.41,,,,,,
LRCX,2018,5,option,2018-08-27,2018-09-03,15.4303,15.999,3.2172,2018-10-22,12.5838,8W,-3.22,,,,,,
IP,2018,4,option,2018-09-03,2018-09-10,35.1392,35.2339,1.4098,2018-10-29,30.8212,8W,-1.41,,,,,,
ABBV,2018,5,option,2018-09-10,2018-09-17,69.1048,69.8292,1.3194,2018-11-05,65.0048,8W,-1.32,,,,,,
ADBE,2018,3,option,2018-09-10,2018-09-17,275.0,277.61,2.6044,2018-11-05,244.84,8W,-2.6,,,,,,
APTV,2018,2,option,2018-09-10,2018-09-17,85.8256,86.3191,6.6318,2018-11-05,74.6335,8W,-6.63,,,,,,
COP,2018,2,option,2018-09-10,2018-09-17,57.2068,57.3775,1.9347,2018-11-05,52.0075,8W,-1.93,,,,,,
CTSH,2018,2,option,2018-09-10,2018-09-17,68.2922,69.0974,1.7603,2018-11-05,62.9329,8W,-1.76,,,,,,
CVX,2018,2,option,2018-09-10,2018-09-17,84.8145,84.8145,1.9347,2018-11-05,86.1846,8W,-0.32,,,,,,
EW,2018,2,option,2018-09-10,2018-09-17,49.36,49.3933,1.6034,2018-11-05,51.06,8W,1.84,,,,,,
F,2018,2,option,2018-09-10,2018-09-17,6.4183,6.4523,6.6318,2018-11-05,6.4921,8W,-5.48,,,,,,
FCX,2018,4,option,2018-09-10,2018-09-17,12.4663,12.7847,1.1436,2018-11-05,10.3671,8W,-1.14,,,,,,
LVS,2018,2,option,2018-09-10,2018-09-17,52.8943,54.0758,1.9257,2018-11-05,45.4823,8W,-1.93,,,,,,
NEM,2018,3,option,2018-09-10,2018-09-17,24.4604,24.6399,1.1436,2018-11-05,25.6542,8W,3.74,,,,,,
NFLX,2018,2,option,2018-09-10,2018-09-17,36.422,37.409,2.9153,2018-11-05,30.347,8W,-2.92,,,,,,
TEL,2018,4,option,2018-09-10,2018-09-17,81.3795,81.0979,1.3212,2018-11-05,69.6319,8W,-1.32,,,,,,
VLO,2018,3,option,2018-09-10,2018-09-17,86.4994,87.061,1.9347,2018-11-05,64.7212,8W,-1.93,,,,,,
ADI,2018,2,option,2018-09-17,2018-09-24,82.119,83.4797,1.1066,2018-11-12,78.054,8W,-1.11,,,,,,
AMAT,2018,5,option,2018-09-17,2018-09-24,36.1619,36.8254,2.922,2018-11-12,32.6231,8W,-2.92,,,,,,
TFC,2018,4,option,2018-09-17,2018-09-24,36.9264,37.2355,1.9187,2018-11-12,37.2632,8W,-1.01,,,,,,
TXN,2018,2,option,2018-09-17,2018-09-24,88.0254,89.5516,2.0944,2018-11-12,79.6942,8W,-2.09,,,,,,
WDC,2018,4,option,2018-09-17,2018-09-24,42.1077,42.6806,1.2785,2018-11-12,32.8357,8W,-1.28,,,,,,
ABBV,2018,6,option,2018-09-24,2018-10-01,68.6268,68.931,1.3248,2018-11-19,62.6913,8W,-1.32,,,,,,
ADBE,2018,4,option,2018-09-24,2018-10-01,271.76,272.42,2.6152,2018-11-19,225.56,8W,-2.62,,,,,,
MU,2018,3,option,2018-09-24,2018-10-01,44.317,44.5219,3.0321,2018-11-19,35.5005,8W,-3.03,,,,,,
GM,2018,2,option,2018-10-01,2018-10-08,30.5422,31.653,8.1428,2018-11-26,34.2719,8W,4.07,,,,,,
SCHW,2018,3,option,2018-10-01,2018-10-08,46.1158,47.2136,2.3481,2018-11-26,40.4201,8W,-2.35,,,,,,
TSN,2018,6,option,2018-10-01,2018-10-08,49.9772,49.7992,3.2475,2018-11-26,47.6878,8W,-3.25,,,,,,
VLO,2018,4,option,2018-10-01,2018-10-08,86.1447,89.2115,2.3755,2018-11-26,59.6138,8W,-2.38,,,,,,
DLR,2019,4,option,2019-01-28,2019-02-04,84.5468,85.3422,3.4827,2019-03-25,93.6781,8W,7.32,,,,,,
KDP,2019,2,option,2019-01-28,2019-02-04,22.8535,23.0043,1.7753,2019-03-25,23.4401,8W,0.79,,,,,,
LLY,2019,2,option,2019-01-28,2019-02-04,110.0912,109.8914,1.7177,2019-03-25,118.4957,8W,5.92,,,,,,
MO,2019,2,option,2019-01-28,2019-02-04,27.9205,28.3602,1.7753,2019-03-25,33.2583,8W,17.34,,,,,,
NEE,2019,2,option,2019-01-28,2019-02-04,37.022,37.4777,1.5292,2019-03-25,40.6806,8W,8.35,,,,,,
ORLY,2019,5,option,2019-01-28,2019-02-04,23.2147,23.246,3.5368,2019-03-25,25.8867,8W,7.97,,,,,,
PEP,2019,2,option,2019-01-28,2019-02-04,89.9547,90.8124,1.9192,2019-03-25,99.0405,8W,8.18,,,,,,
HSY,2019,2,option,2019-02-04,2019-02-11,91.7967,91.6194,1.7291,2019-04-01,98.4762,8W,5.55,,,,,,
MSFT,2019,5,option,2019-02-04,2019-02-11,99.1394,100.1383,2.8292,2019-04-01,112.3972,8W,10.54,,,,,,
QCOM,2019,2,option,2019-02-04,2019-02-11,42.406,43.3203,2.8188,2019-04-01,49.213,8W,13.23,,,,,,
WMT,2019,2,option,2019-02-04,2019-02-11,28.6592,29.0097,3.4447,2019-04-01,29.7713,8W,0.44,,,,,,
AMZN,2019,4,option,2019-02-11,2019-02-18,80.05,82.819,2.6266,2019-04-08,92.153,8W,12.49,,,,,,
BRK-B,2019,3,option,2019-02-11,2019-02-18,205.1,208.08,2.3624,2019-04-08,210.56,8W,0.3,,,,,,
CI,2019,2,option,2019-02-11,2019-02-18,179.8301,180.1847,2.158,2019-04-08,146.0896,8W,-2.16,,,,,,
VZ,2019,2,option,2019-02-11,2019-02-18,37.2537,37.3417,1.9393,2019-04-08,39.7436,8W,4.74,,,,,,
ABBV,2019,2,option,2019-02-25,2019-03-04,59.5843,59.9252,1.4833,2019-04-22,59.8487,8W,-1.04,,,,,,
BRK-B,2019,4,option,2019-02-25,2019-03-04,203.09,205.0,2.1501,2019-04-22,214.22,8W,3.33,,,,,,
CME,2019,2,option,2019-02-25,2019-03-04,139.6294,140.0558,2.4423,2019-04-22,136.8689,8W,-2.44,,,,,,
ICE,2019,2,option,2019-02-25,2019-03-04,70.4362,71.2199,2.4423,2019-04-22,74.2566,8W,2.98,,,,,,
DAL,2019,2,option,2019-03-04,2019-03-11,47.0423,47.6941,8.8186,2019-04-29,54.5993,8W,7.25,,,,,,
TTWO,2019,3,option,2019-03-04,2019-03-11,87.56,89.8,2.8886,2019-04-29,101.62,8W,13.17,,,,,,
ABBV,2019,3,option,2019-03-11,2019-03-18,60.2809,60.3698,1.4079,2019-05-06,58.1591,8W,-1.41,,,,,,
AMGN,2019,2,option,2019-03-11,2019-03-18,154.2893,154.7414,1.3707,2019-05-06,138.7618,8W,-1.37,,,,,,
BRK-B,2019,5,option,2019-03-11,2019-03-18,204.67,206.16,2.0407,2019-05-06,209.02,8W,0.08,,,,,,
ICE,2019,3,option,2019-03-11,2019-03-18,68.4489,68.0216,2.3181,2019-05-06,74.4121,8W,6.39,,,,,,
KDP,2019,3,option,2019-03-11,2019-03-18,23.3395,23.2558,1.4167,2019-05-06,24.7816,8W,4.76,,,,,,
MCD,2019,2,option,2019-03-11,2019-03-18,158.1824,157.7401,2.8224,2019-05-06,170.0984,8W,4.71,,,,,,
BRK-B,2019,6,option,2019-03-25,2019-04-01,202.16,201.98,2.1722,2019-05-20,201.69,8W,-2.17,2019-06-10,207.12,2019-07-29,202.67,8W,-2.17
GILD,2019,2,option,2019-03-25,2019-04-01,50.2544,50.3234,1.4986,2019-05-20,51.2895,8W,0.56,,,,,,
ICE,2019,4,option,2019-03-25,2019-04-01,70.0677,69.6927,2.4675,2019-05-20,74.842,8W,4.35,,,,,,
TSLA,2019,2,option,2019-03-25,2019-04-01,18.8413,18.6887,7.5329,2019-05-20,12.7087,8W,-7.53,,,,,,
UNH,2019,2,option,2019-03-25,2019-04-01,221.8003,220.1838,1.9844,2019-05-20,219.9528,8W,-1.98,,,,,,
CI,2019,3,option,2019-04-01,2019-04-08,151.1564,152.3207,1.8555,2019-05-27,134.6463,8W,-1.86,,,,,,
CME,2019,3,option,2019-04-01,2019-04-08,130.0029,130.4463,2.3073,2019-05-27,146.8925,8W,10.68,,,,,,
HCA,2019,2,option,2019-04-01,2019-04-08,125.7261,126.5928,1.8555,2019-05-27,113.9419,8W,-1.86,,,,,,
UAL,2019,2,option,2019-04-01,2019-04-08,84.6,85.75,7.0439,2019-05-27,77.65,8W,-7.04,2019-06-17,87.27,2019-08-05,86.98,8W,-7.04
WBD,2019,2,option,2019-04-01,2019-04-08,29.42,29.91,2.0454,2019-05-27,27.26,8W,-2.05,,,,,,
CI,2019,4,option,2019-04-22,2019-04-29,146.3989,146.599,1.8425,2019-06-17,146.59,8W,-1.71,,,,,,
HCA,2019,3,option,2019-04-22,2019-04-29,118.4823,118.3316,1.8425,2019-06-17,121.1856,8W,0.44,,,,,,
HUM,2019,2,option,2019-04-22,2019-04-29,242.1539,243.3177,1.8425,2019-06-17,253.6041,8W,2.89,,,,,,
KDP,2019,4,option,2019-04-22,2019-04-29,24.0148,24.0906,1.4002,2019-06-17,25.8264,8W,6.14,,,,,,
UNH,2019,3,option,2019-04-22,2019-04-29,210.8662,210.6086,1.8425,2019-06-17,225.0754,8W,4.9,,,,,,
TSLA,2019,3,option,2019-04-29,2019-05-06,16.668,17.1073,7.0714,2019-06-24,14.8973,8W,-7.07,,,,,,
BSX,2019,2,option,2019-05-13,2019-05-20,37.15,38.31,2.1201,2019-07-08,42.25,8W,11.61,,,,,,
MRK,2019,2,option,2019-05-13,2019-05-20,60.1558,61.3304,1.7406,2019-07-08,61.6164,8W,0.69,,,,,,
VRTX,2019,2,option,2019-05-20,2019-05-27,172.24,175.94,1.6868,2019-07-15,174.13,8W,-0.59,,,,,,
AVGO,2019,2,option,2019-06-17,2019-06-24,23.203,23.8109,3.1926,2019-08-12,23.0564,8W,-3.19,,,,,,
CRM,2019,2,option,2019-06-17,2019-06-24,155.5006,156.3898,3.323,2019-08-12,142.1627,8W,-3.32,,,,,,
CSCO,2019,2,option,2019-06-17,2019-06-24,46.851,47.5875,1.6857,2019-08-12,38.6726,8W,-1.69,,,,,,
CSX,2019,2,option,2019-06-17,2019-06-24,23.9473,24.2669,1.4591,2019-08-12,19.8135,8W,-1.46,,,,,,
EMR,2019,2,option,2019-06-17,2019-06-24,56.3137,56.7169,1.6857,2019-08-12,49.6906,8W,-1.69,,,,,,
ETN,2019,2,option,2019-06-17,2019-06-24,73.154,73.8775,1.6857,2019-08-12,68.808,8W,-1.69,,,,,,
INTU,2019,3,option,2019-06-17,2019-06-24,251.6073,256.7337,2.5063,2019-08-12,259.6035,8W,0.67,,,,,,
ITW,2019,2,option,2019-06-17,2019-06-24,129.6281,130.1902,1.6857,2019-08-12,128.7747,8W,-1.69,2019-09-09,131.2093,2019-10-28,149.1501,8W,11.99
LLY,2019,2,option,2019-06-17,2019-06-24,105.6796,107.507,1.6389,2019-08-12,101.4921,8W,-1.64,,,,,,
NFLX,2019,2,option,2019-06-17,2019-06-24,37.027,37.145,3.7196,2019-08-12,30.28,8W,-3.72,,,,,,
TXN,2019,2,option,2019-06-17,2019-06-24,92.6641,94.465,2.7614,2019-08-12,102.0668,8W,7.39,,,,,,
WMB,2019,2,option,2019-06-17,2019-06-24,19.1525,19.1871,2.5412,2019-08-12,16.1138,8W,-2.54,,,,,,
CMCSA,2019,2,option,2019-07-01,2019-07-08,33.8656,33.8317,1.7273,2019-08-26,34.7126,8W,0.77,,,,,,
CRM,2019,3,option,2019-07-01,2019-07-08,151.6771,153.8803,2.8655,2019-08-26,154.1965,8W,-1.2,,,,,,
CSCO,2019,3,option,2019-07-01,2019-07-08,46.3231,46.4255,1.4536,2019-08-26,38.5491,8W,-1.45,,,,,,
CSX,2019,3,option,2019-07-01,2019-07-08,23.7738,24.1695,1.2582,2019-08-26,20.401,8W,-1.26,,,,,,
EPD,2019,2,option,2019-07-01,2019-07-08,17.5909,17.6869,2.1913,2019-08-26,17.3563,8W,-2.19,2019-09-23,17.7398,2019-11-11,16.2797,8W,-2.19
ET,2019,2,option,2019-07-01,2019-07-08,8.003,8.0581,2.1913,2019-08-26,7.6615,8W,-2.19,,,,,,
EW,2019,2,option,2019-07-01,2019-07-08,62.5067,62.9067,1.7641,2019-08-26,73.9467,8W,16.54,,,,,,
GOOG,2019,2,option,2019-07-01,2019-07-08,55.8004,56.1827,2.4429,2019-08-26,58.9213,8W,3.15,,,,,,
GOOGL,2019,2,option,2019-07-01,2019-07-08,55.832,56.2674,3.198,2019-08-26,59.0385,8W,2.55,,,,,,
LLY,2019,3,option,2019-07-01,2019-07-08,103.2828,106.0377,1.4133,2019-08-26,104.3235,8W,-0.41,,,,,,
ORLY,2019,2,option,2019-07-01,2019-07-08,25.7007,25.8447,2.9101,2019-08-26,25.584,8W,-2.91,2019-09-09,26.7493,2019-10-28,29.134,8W,6.0
SPG,2019,2,option,2019-07-01,2019-07-08,112.1161,113.6018,2.9101,2019-08-26,103.8793,8W,-2.91,,,,,,
VZ,2019,3,option,2019-07-01,2019-07-08,39.6199,39.9959,1.7273,2019-08-26,40.1751,8W,-0.33,,,,,,
ITW,2019,3,option,2019-07-08,2019-07-15,129.9406,130.0434,1.3562,2019-09-02,130.7206,8W,-0.76,,,,,,
O,2019,2,option,2019-07-08,2019-07-15,49.6018,50.036,1.1739,2019-09-02,53.5322,8W,6.75,,,,,,
PEG,2019,2,option,2019-07-08,2019-07-15,48.1484,48.2758,1.1739,2019-09-02,48.1245,8W,-1.17,2019-09-16,48.8201,2019-11-04,49.3097,8W,-0.17
SCHW,2019,2,option,2019-07-15,2019-07-22,38.8739,39.1284,2.2895,2019-09-09,39.8359,8W,0.19,,,,,,
CCL,2019,2,option,2019-07-22,2019-07-29,45.2363,45.7462,1.9401,2019-09-16,46.9012,8W,1.74,,,,,,
LLY,2019,4,option,2019-07-22,2019-07-29,99.2422,101.3635,1.2941,2019-09-16,107.2694,8W,6.79,,,,,,
LOW,2019,2,option,2019-07-22,2019-07-29,92.0491,91.8292,1.4951,2019-09-16,98.5125,8W,5.53,,,,,,
RCL,2019,2,option,2019-07-22,2019-07-29,108.6719,110.7737,1.9401,2019-09-16,106.6943,8W,-1.94,,,,,,
SPG,2019,3,option,2019-07-22,2019-07-29,109.2135,109.9151,2.6646,2019-09-16,108.1338,8W,-2.66,,,,,,
VZ,2019,4,option,2019-07-22,2019-07-29,39.436,39.5327,1.5816,2019-09-16,41.6464,8W,4.02,,,,,,
DUK,2019,3,option,2019-07-29,2019-08-05,67.634,67.8251,1.6685,2019-09-23,74.3724,8W,8.29,,,,,,
O,2019,3,option,2019-07-29,2019-08-05,49.2783,49.6508,1.6685,2019-09-23,54.3639,8W,8.65,,,,,,
ADI,2019,2,option,2019-10-28,2019-11-04,98.9446,98.8734,1.1654,2019-12-23,106.9145,8W,6.89,,,,,,
AON,2019,4,option,2019-10-28,2019-11-04,188.0708,187.1028,1.9488,2019-12-23,198.0844,8W,3.38,,,,,,
APD,2019,2,option,2019-10-28,2019-11-04,184.8904,190.3444,1.1654,2019-12-23,202.5769,8W,8.4,,,,,,
ET,2019,3,option,2019-10-28,2019-11-04,7.2112,7.2956,2.0296,2019-12-23,7.4894,8W,1.83,,,,,,
F,2019,3,option,2019-10-28,2019-11-04,6.591,6.591,6.7582,2019-12-23,6.9083,8W,-1.94,,,,,,
MA,2019,3,option,2019-10-28,2019-11-04,270.9352,270.6939,1.8489,2019-12-23,290.3401,8W,5.31,,,,,,
MRK,2019,3,option,2019-10-28,2019-11-04,66.5846,67.8682,1.3414,2019-12-23,71.6704,8W,6.3,,,,,,
NOW,2019,4,option,2019-10-28,2019-11-04,50.898,51.232,2.7298,2019-12-23,57.376,8W,10.0,,,,,,
ORCL,2019,2,option,2019-10-28,2019-11-04,50.5188,50.5646,1.9885,2019-12-23,48.8733,8W,-1.99,2020-01-20,50.4866,2020-03-09,44.0128,8W,-1.99
PCG,2019,2,option,2019-10-28,2019-11-04,6.5738,6.6726,1.1654,2019-12-23,10.3203,8W,55.83,,,,,,
ROP,2019,2,option,2019-10-28,2019-11-04,332.6908,330.9163,2.2137,2019-12-23,344.5519,8W,1.35,,,,,,
AIG,2019,2,option,2019-11-04,2019-11-11,46.8524,47.6131,1.9124,2019-12-30,43.6859,8W,-1.91,,,,,,
GIS,2019,4,option,2019-11-04,2019-11-11,42.0538,42.4226,1.3276,2019-12-30,41.6449,8W,-1.33,,,,,,
INTU,2019,2,option,2019-11-04,2019-11-11,245.4336,250.541,1.9643,2019-12-30,253.8146,8W,1.45,,,,,,
OKE,2019,2,option,2019-11-04,2019-11-11,46.0916,47.9691,1.9917,2019-12-30,50.6267,8W,7.85,,,,,,
PGR,2019,3,option,2019-11-04,2019-11-11,60.1905,60.9062,1.9124,2019-12-30,61.1365,8W,-0.34,,,,,,
TEL,2019,2,option,2019-11-04,2019-11-11,83.8717,85.4093,1.3212,2019-12-30,86.1827,8W,1.43,,,,,,
TRV,2019,3,option,2019-11-04,2019-11-11,115.9506,116.7788,1.9124,2019-12-30,120.1814,8W,1.74,,,,,,
CL,2019,3,option,2019-11-11,2019-11-18,57.6574,57.8904,1.1282,2020-01-06,60.5399,8W,3.87,,,,,,
DHR,2019,3,option,2019-11-11,2019-11-18,122.7641,123.1343,1.3714,2020-01-06,136.2764,8W,9.64,,,,,,
EPD,2019,2,option,2019-11-11,2019-11-18,16.2178,16.5273,1.9884,2020-01-06,17.6415,8W,6.79,,,,,,
ICE,2019,2,option,2019-11-11,2019-11-18,85.8878,86.0534,2.1687,2020-01-06,87.0075,8W,-0.87,,,,,,
IQV,2019,3,option,2019-11-11,2019-11-18,146.24,146.6,1.3714,2020-01-06,159.3,8W,7.56,,,,,,
KMI,2019,3,option,2019-11-11,2019-11-18,14.014,14.1658,1.9884,2020-01-06,14.8493,8W,3.97,,,,,,
MCO,2019,2,option,2019-11-11,2019-11-18,208.6324,208.9734,1.7574,2020-01-06,235.4195,8W,11.08,,,,,,
MRK,2019,4,option,2019-11-11,2019-11-18,65.8611,66.5924,1.3142,2020-01-06,70.1273,8W,5.16,,,,,,
PYPL,2019,3,option,2019-11-11,2019-11-18,103.2977,103.9244,1.3539,2020-01-06,112.3294,8W,7.39,,,,,,
SRE,2019,2,option,2019-11-11,2019-11-18,59.4881,59.9141,1.1417,2020-01-06,61.1483,8W,1.65,,,,,,
WM,2019,2,option,2019-11-11,2019-11-18,100.8532,101.1679,2.6405,2020-01-06,104.9724,8W,1.44,,,,,,
WMB,2019,3,option,2019-11-11,2019-11-18,15.646,15.8498,1.9884,2020-01-06,16.7927,8W,5.34,,,,,,
AEP,2019,2,option,2019-11-18,2019-11-25,73.271,73.423,1.1692,2020-01-13,78.847,8W,6.44,,,,,,
AMZN,2019,3,option,2019-11-18,2019-11-25,87.6625,88.126,2.1739,2020-01-13,93.236,8W,4.18,,,,,,
BDX,2019,2,option,2019-11-18,2019-11-25,173.1296,173.095,1.6392,2020-01-13,192.2278,8W,9.39,,,,,,
ET,2019,4,option,2019-11-18,2019-11-25,6.9187,6.9475,2.0362,2020-01-13,7.8181,8W,10.96,,,,,,
IBM,2019,2,option,2019-11-18,2019-11-25,98.7491,99.4174,1.3507,2020-01-13,101.569,8W,1.5,,,,,,
KMB,2019,3,option,2019-11-18,2019-11-25,106.3582,106.9448,1.1553,2020-01-13,115.4202,8W,7.36,,,,,,
MSI,2019,2,option,2019-11-18,2019-11-25,153.0622,154.6061,1.3507,2020-01-13,162.4903,8W,4.81,,,,,,
NEM,2019,2,option,2019-11-18,2019-11-25,31.632,32.3329,1.1692,2020-01-13,36.409,8W,13.93,,,,,,
ADI,2019,3,option,2019-11-25,2019-12-02,100.7174,103.6126,1.1957,2020-01-20,105.2318,8W,3.29,,,,,,
AMT,2019,3,option,2019-11-25,2019-12-02,180.6703,182.0624,1.1957,2020-01-20,201.282,8W,10.21,,,,,,
CCI,2019,2,option,2019-11-25,2019-12-02,100.4765,101.6285,1.1957,2020-01-20,113.8771,8W,12.14,,,,,,
CSCO,2019,5,option,2019-11-25,2019-12-02,37.5466,37.9781,1.3814,2020-01-20,40.8318,8W,7.37,,,,,,
ECL,2019,2,option,2019-11-25,2019-12-02,174.7733,175.2772,1.1815,2020-01-20,185.2265,8W,4.8,,,,,,
FANG,2019,4,option,2019-11-25,2019-12-02,60.2706,61.3814,2.0824,2020-01-20,64.3487,8W,4.68,,,,,,
LHX,2019,2,option,2019-11-25,2019-12-02,177.0296,178.3028,1.1957,2020-01-20,197.1534,8W,10.17,,,,,,
NOC,2019,2,option,2019-11-25,2019-12-02,317.7512,320.7448,1.1957,2020-01-20,344.5367,8W,7.23,,,,,,
PG,2019,2,option,2019-11-25,2019-12-02,104.2671,104.857,1.1815,2020-01-20,107.0033,8W,1.44,,,,,,
SNPS,2019,2,option,2019-11-25,2019-12-02,141.79,143.0,2.2713,2020-01-20,154.05,8W,6.38,,,,,,
TEL,2019,3,option,2019-11-25,2019-12-02,83.7247,84.8362,1.3814,2020-01-20,88.9208,8W,4.82,,,,,,
TTWO,2019,2,option,2019-11-25,2019-12-02,121.59,122.89,2.2713,2020-01-20,125.28,8W,0.76,,,,,,
WM,2019,3,option,2019-11-25,2019-12-02,101.3658,102.0312,2.7654,2020-01-20,109.3086,8W,5.07,,,,,,
GD,2019,2,option,2019-12-02,2019-12-09,158.3642,158.9699,1.2904,2020-01-27,152.6461,8W,-1.29,,,,,,
OKE,2019,3,option,2019-12-02,2019-12-09,46.951,47.4931,2.2474,2020-01-27,50.1104,8W,4.48,,,,,,
AMZN,2019,4,option,2019-12-09,2019-12-16,88.35,88.4495,2.225,2020-02-03,103.964,8W,15.45,,,,,,
CSCO,2019,6,option,2019-12-09,2019-12-16,38.003,38.2105,1.3825,2020-02-03,40.0962,8W,4.13,,,,,,
DAL,2019,3,option,2019-12-09,2019-12-16,55.0859,55.3942,6.9395,2020-02-03,55.8085,8W,-5.63,,,,,,
ET,2019,5,option,2019-12-09,2019-12-16,7.3857,7.3972,2.0841,2020-02-03,7.2415,8W,-2.08,,,,,,
IBM,2019,3,option,2019-12-09,2019-12-16,99.0943,99.623,1.3825,2020-02-03,112.6579,8W,12.31,,,,,,
KMI,2019,4,option,2019-12-09,2019-12-16,14.0416,14.1244,2.0841,2020-02-03,14.7522,8W,2.98,,,,,,
LHX,2019,3,option,2019-12-09,2019-12-16,177.3567,177.1446,1.1966,2020-02-03,203.2365,8W,13.4,,,,,,
ROP,2019,3,option,2019-12-09,2019-12-16,338.9587,340.1161,2.2731,2020-02-03,372.2162,8W,7.54,,,,,,
SNPS,2019,3,option,2019-12-09,2019-12-16,137.63,137.55,2.2731,2020-02-03,154.28,8W,9.82,,,,,,
SRE,2019,3,option,2019-12-09,2019-12-16,60.4699,60.478,1.1966,2020-02-03,64.7537,8W,5.89,,,,,,
AIG,2019,3,option,2019-12-16,2019-12-23,43.839,44.5535,1.9821,2020-02-10,41.2362,8W,-1.98,,,,,,
CCI,2019,3,option,2019-12-16,2019-12-23,108.1187,108.2251,1.1853,2020-02-10,126.0853,8W,15.43,,,,,,
CMCSA,2019,2,option,2019-12-16,2019-12-23,34.7332,34.8199,1.6271,2020-02-10,36.4885,8W,3.43,,,,,,
EQIX,2019,2,option,2019-12-16,2019-12-23,513.6966,517.9939,2.6994,2020-02-10,577.1158,8W,9.65,,,,,,
EXC,2019,2,option,2019-12-16,2019-12-23,25.939,26.0988,1.1853,2020-02-10,28.3987,8W,8.3,,,,,,
GIS,2019,5,option,2019-12-16,2019-12-23,42.8876,43.1282,1.376,2020-02-10,43.1423,8W,-0.78,,,,,,
ICE,2019,3,option,2019-12-16,2019-12-23,86.0658,86.8874,2.2515,2020-02-10,89.4169,8W,1.64,,,,,,
MSI,2019,3,option,2019-12-16,2019-12-23,149.869,151.6773,1.3693,2020-02-10,170.1387,8W,12.16,,,,,,
NOC,2019,3,option,2019-12-16,2019-12-23,314.6547,313.5081,1.1853,2020-02-10,334.8769,8W,5.24,,,,,,
SO,2019,2,option,2019-12-16,2019-12-23,50.1801,50.5736,1.1853,2020-02-10,54.3198,8W,7.06,,,,,,
WELL,2019,2,option,2019-12-23,2019-12-30,67.0197,67.4773,1.2724,2020-02-17,72.4778,8W,6.87,,,,,,
AVB,2019,2,option,2019-12-30,2020-01-06,169.5443,169.7997,1.3283,2020-02-24,162.6753,8W,-1.33,,,,,,
GD,2019,3,option,2019-12-30,2020-01-06,157.0751,156.1061,1.3283,2020-02-24,138.9424,8W,-1.33,,,,,,
AEP,2020,3,option,2020-01-06,2020-01-13,75.511,75.727,1.19,2020-03-02,78.6977,8W,3.03,,,,,,
COST,2020,2,option,2020-01-06,2020-01-13,271.0916,275.6932,2.1597,2020-03-02,284.8565,8W,2.92,,,,,,
HSY,2020,2,option,2020-01-06,2020-01-13,128.0523,128.1127,1.3815,2020-03-02,135.568,8W,4.49,,,,,,
KMB,2020,4,option,2020-01-06,2020-01-13,112.0414,112.4488,1.1759,2020-03-02,116.9857,8W,3.24,,,,,,
SO,2020,3,option,2020-01-06,2020-01-13,50.1723,50.2195,1.19,2020-03-02,53.1012,8W,4.65,,,,,,
SRE,2020,4,option,2020-01-06,2020-01-13,61.1647,61.4423,1.19,2020-03-02,57.9268,8W,-1.19,,,,,,
TTWO,2020,3,option,2020-01-06,2020-01-13,126.92,129.55,2.2605,2020-03-02,117.69,8W,-2.26,,,,,,
CB,2020,2,option,2020-01-13,2020-01-20,138.6063,139.639,1.9172,2020-03-09,110.3958,8W,-1.92,,,,,,
D,2020,2,option,2020-01-13,2020-01-20,63.9966,64.0651,1.1464,2020-03-09,60.2996,8W,-1.15,,,,,,
GM,2020,2,option,2020-01-13,2020-01-20,33.6257,33.9775,6.6483,2020-03-09,23.7847,8W,-6.65,,,,,,
PEP,2020,2,option,2020-01-13,2020-01-20,116.0663,116.6524,1.4388,2020-03-09,105.9137,8W,-1.44,,,,,,
PG,2020,3,option,2020-01-13,2020-01-20,108.0892,108.5937,1.1328,2020-03-09,98.1172,8W,-1.13,,,,,,
AFL,2020,2,option,2020-02-03,2020-02-10,45.5163,45.9902,1.6704,2020-03-30,28.0721,8W,-1.67,,,,,,
AIG,2020,4,option,2020-02-03,2020-02-10,45.4721,45.7273,2.4511,2020-03-30,17.6226,8W,-2.45,,,,,,
DG,2020,2,option,2020-02-03,2020-02-10,141.4384,145.0093,3.3899,2020-03-30,148.8923,8W,1.88,,,,,,
EW,2020,2,option,2020-02-03,2020-02-10,76.9267,78.8933,2.055,2020-03-30,63.0233,8W,-2.06,,,,,,
LUV,2020,2,option,2020-02-03,2020-02-10,52.7865,53.534,8.4999,2020-03-30,28.292,8W,-8.5,,,,,,
ORCL,2020,2,option,2020-02-03,2020-02-10,50.2478,50.8263,2.501,2020-03-30,45.3626,8W,-2.5,,,,,,
PG,2020,4,option,2020-02-03,2020-02-10,108.7744,110.1764,1.4483,2020-03-30,98.9859,8W,-1.45,,,,,,
T,2020,2,option,2020-02-03,2020-02-10,19.1029,19.2521,2.0121,2020-03-30,13.6535,8W,-2.01,,,,,,
VZ,2020,2,option,2020-02-03,2020-02-10,42.2638,42.419,2.0121,2020-03-30,38.5755,8W,-2.01,,,,,,
WMT,2020,2,option,2020-02-03,2020-02-10,35.384,35.8365,3.3899,2020-03-30,36.6859,8W,0.29,,,,,,
DE,2020,2,option,2020-02-10,2020-02-17,154.1747,159.5166,1.682,2020-04-06,134.9946,8W,-1.68,,,,,,
GM,2020,3,option,2020-02-10,2020-02-17,32.5701,34.0346,7.5164,2020-04-06,23.159,8W,-7.52,,,,,,
SHW,2020,2,option,2020-02-10,2020-02-17,183.8787,184.6134,1.2808,2020-04-06,155.5894,8W,-1.28,,,,,,
UAL,2020,2,option,2020-02-10,2020-02-17,79.0,82.6,7.5164,2020-04-06,31.5,8W,-7.52,,,,,,
PEG,2020,2,option,2020-02-17,2020-02-24,48.3165,48.6645,1.6182,2020-04-13,44.597,8W,-1.62,,,,,,
SPG,2020,2,option,2020-02-17,2020-02-24,100.7875,102.4961,3.7427,2020-04-13,40.2892,8W,-3.74,,,,,,
T,2020,3,option,2020-02-17,2020-02-24,18.8891,19.2322,2.2215,2020-04-13,15.8917,8W,-2.22,,,,,,
BRK-B,2020,2,option,2020-05-18,2020-05-25,179.99,176.87,4.4617,2020-07-13,190.76,8W,1.52,,,,,,
COST,2020,4,option,2020-05-18,2020-05-25,280.6197,283.3798,4.8422,2020-07-13,297.8414,8W,1.29,,,,,,
DE,2020,4,option,2020-05-18,2020-05-25,133.7997,137.4583,3.4623,2020-07-13,164.3226,8W,19.35,,,,,,
DUK,2020,2,option,2020-05-18,2020-05-25,67.3799,68.1617,2.668,2020-07-13,65.7365,8W,-2.67,,,,,,
ETN,2020,2,option,2020-05-18,2020-05-25,72.6734,71.5593,3.0824,2020-07-13,85.6628,8W,14.79,,,,,,
FDX,2020,3,option,2020-05-18,2020-05-25,110.1747,107.4963,6.1707,2020-07-13,149.3987,8W,29.43,,,,,,
HON,2020,3,option,2020-05-18,2020-05-25,120.5119,116.7986,3.0824,2020-07-13,129.9252,8W,4.73,,,,,,
HSY,2020,3,option,2020-05-18,2020-05-25,114.9589,115.2358,3.0975,2020-07-13,119.0163,8W,0.43,,,,,,
LHX,2020,2,option,2020-05-18,2020-05-25,164.2251,164.4205,2.668,2020-07-13,151.6017,8W,-2.67,,,,,,
MCD,2020,2,option,2020-05-18,2020-05-25,165.1266,161.547,6.1707,2020-07-13,167.8848,8W,-4.5,,,,,,
MDT,2020,2,option,2020-05-18,2020-05-25,81.9235,84.0811,3.7408,2020-07-13,83.3063,8W,-2.05,,,,,,
MSI,2020,2,option,2020-05-18,2020-05-25,127.6703,129.6156,3.0824,2020-07-13,128.134,8W,-2.72,,,,,,
NOC,2020,2,option,2020-05-18,2020-05-25,301.9122,303.7062,2.668,2020-07-13,279.2004,8W,-2.67,,,,,,
PEG,2020,4,option,2020-05-18,2020-05-25,40.3104,40.7677,2.668,2020-07-13,45.3885,8W,9.93,,,,,,
PM,2020,3,option,2020-05-18,2020-05-25,53.1964,53.2856,3.0975,2020-07-13,56.6568,8W,3.41,,,,,,
PSA,2020,3,option,2020-05-18,2020-05-25,147.7396,144.8133,2.668,2020-07-13,150.8082,8W,-0.59,,,,,,
RTX,2020,2,option,2020-05-18,2020-05-25,54.7861,53.2185,2.668,2020-07-13,54.4708,8W,-2.67,,,,,,
SCHW,2020,2,option,2020-05-18,2020-05-25,31.6401,32.0009,4.4617,2020-07-13,30.937,8W,-4.46,,,,,,
SO,2020,4,option,2020-05-18,2020-05-25,44.5936,44.449,2.668,2020-07-13,43.8544,8W,-2.67,,,,,,
TRV,2020,2,option,2020-05-18,2020-05-25,91.5752,88.9971,4.4617,2020-07-13,105.9106,8W,11.19,,,,,,
WEC,2020,2,option,2020-05-18,2020-05-25,71.8402,72.9995,2.668,2020-07-13,74.9705,8W,1.69,,,,,,
XEL,2020,2,option,2020-05-18,2020-05-25,50.5793,50.2221,2.668,2020-07-13,55.5148,8W,7.09,,,,,,
ALL,2020,2,option,2020-05-25,2020-06-01,85.5894,85.9385,4.3588,2020-07-20,82.1087,8W,-4.36,,,,,,
PG,2020,7,option,2020-05-25,2020-06-01,100.4427,101.2999,2.5756,2020-07-20,109.0669,8W,6.01,,,,,,
DLR,2020,2,option,2020-06-15,2020-06-22,114.8347,120.6944,7.5781,2020-08-10,126.0034,8W,2.15,,,,,,
HSY,2020,4,option,2020-06-15,2020-06-22,113.0131,116.6167,3.863,2020-08-10,127.4539,8W,8.91,,,,,,
PM,2020,4,option,2020-06-15,2020-06-22,54.6331,55.9986,3.863,2020-08-10,58.6805,8W,3.55,,,,,,
BMY,2020,2,option,2020-06-29,2020-07-06,48.124,47.8637,3.0257,2020-08-24,50.3606,8W,1.62,,,,,,
COST,2020,5,option,2020-06-29,2020-07-06,282.0136,283.2881,4.7597,2020-08-24,320.152,8W,8.76,,,,,,
GILD,2020,2,option,2020-06-29,2020-07-06,62.2457,62.0209,3.0257,2020-08-24,52.4082,8W,-3.03,,,,,,
HSY,2020,5,option,2020-06-29,2020-07-06,114.7582,114.8978,3.0447,2020-08-24,130.8972,8W,11.02,,,,,,
PM,2020,5,option,2020-06-29,2020-07-06,53.7496,53.7722,3.0447,2020-08-24,60.9685,8W,10.39,,,,,,
SO,2020,5,option,2020-06-29,2020-07-06,42.5768,42.9304,2.6225,2020-08-24,42.6146,8W,-2.53,,,,,,
WEC,2020,3,option,2020-06-29,2020-07-06,75.2521,75.2438,2.6225,2020-08-24,78.065,8W,1.12,,,,,,
BIIB,2020,2,option,2020-07-06,2020-07-13,279.28,294.99,2.9043,2020-08-31,276.0,8W,-2.9,,,,,,
BAX,2020,2,option,2020-07-13,2020-07-20,78.128,78.3869,3.4113,2020-09-07,74.4021,8W,-3.41,,,,,,
MSI,2020,3,option,2020-07-13,2020-07-20,127.678,128.8692,2.8109,2020-09-07,143.1923,8W,9.34,,,,,,
BMY,2020,3,option,2020-07-27,2020-08-03,47.7283,48.3016,2.6737,2020-09-21,48.0351,8W,-2.03,,,,,,
BAX,2020,3,option,2020-08-24,2020-08-31,77.2224,77.5745,3.05,2020-10-19,72.6025,8W,-3.05,,,,,,
BIIB,2020,3,option,2020-08-24,2020-08-31,281.65,282.39,2.4435,2020-10-19,265.0,8W,-2.44,,,,,,
GILD,2020,3,option,2020-08-31,2020-09-07,52.2957,54.1508,3.3613,2020-10-26,47.1876,8W,-3.36,,,,,,
BAX,2020,4,option,2020-09-07,2020-09-14,74.8408,75.0647,3.5694,2020-11-02,70.6686,8W,-3.57,,,,,,
BIIB,2020,4,option,2020-09-14,2020-09-21,272.23,285.0,2.7489,2020-11-09,248.59,8W,-2.75,,,,,,
IFF,2020,2,option,2020-09-14,2020-09-21,103.2964,108.1009,2.4183,2020-11-09,96.8538,8W,-2.42,,,,,,
LLY,2020,2,option,2020-09-14,2020-09-21,144.3711,145.6247,2.7489,2020-11-09,134.201,8W,-2.75,,,,,,
CI,2020,2,option,2020-09-28,2020-10-05,153.9441,155.4089,3.9991,2020-11-23,193.34,8W,21.59,,,,,,
D,2020,2,option,2020-09-28,2020-10-05,62.723,63.4715,2.6178,2020-11-23,62.2817,8W,-2.62,,,,,,
GILD,2020,4,option,2020-09-28,2020-10-05,51.6995,51.805,3.0202,2020-11-23,48.7132,8W,-3.02,,,,,,
COP,2020,2,option,2020-10-05,2020-10-12,28.7126,29.4494,5.7293,2020-11-30,36.6905,8W,22.06,,,,,,
IFF,2020,3,option,2020-10-05,2020-10-12,103.7701,105.0999,3.1897,2020-11-30,100.1609,8W,-3.19,,,,,,
LLY,2020,3,option,2020-10-05,2020-10-12,147.8208,148.1225,4.5082,2020-11-30,140.6412,8W,-4.51,,,,,,
VRTX,2020,2,option,2020-10-05,2020-10-12,273.14,270.5,4.5082,2020-11-30,228.32,8W,-4.51,,,,,,
BAX,2020,5,option,2020-10-12,2020-10-19,73.3009,73.6948,4.3721,2020-12-07,71.2643,8W,-4.37,,,,,,
C,2020,2,option,2020-10-19,2020-10-26,35.6396,36.6341,4.6608,2020-12-14,49.1458,8W,33.24,,,,,,
EA,2020,2,option,2020-11-09,2020-11-16,115.8364,118.8186,4.7284,2021-01-04,137.9828,8W,14.39,,,,,,
JNJ,2020,2,option,2020-11-09,2020-11-16,129.3453,128.9082,3.9195,2021-01-04,138.1147,8W,2.86,,,,,,
KMB,2020,2,option,2020-11-09,2020-11-16,113.5997,114.563,4.3801,2021-01-04,108.3896,8W,-4.38,,,,,,
MO,2020,2,option,2020-11-09,2020-11-16,26.6414,26.3738,3.9801,2021-01-04,27.7064,8W,0.02,,,,,,
ORLY,2020,2,option,2020-11-09,2020-11-16,30.9227,31.364,3.9491,2021-01-04,31.8613,8W,-0.91,,,,,,
ROP,2020,2,option,2020-11-09,2020-11-16,386.9501,404.649,4.7284,2021-01-04,418.0807,8W,3.32,,,,,,
AMD,2020,2,option,2020-11-16,2020-11-23,85.52,86.1,6.1951,2021-01-11,88.21,8W,-3.05,,,,,,
TTWO,2020,3,option,2020-11-16,2020-11-23,170.05,172.53,4.8512,2021-01-11,196.28,8W,10.57,,,,,,
ADBE,2020,2,option,2020-11-23,2020-11-30,480.0,482.41,4.211,2021-01-18,472.44,8W,-4.21,,,,,,
AMGN,2020,2,option,2020-11-23,2020-11-30,190.3331,191.9281,3.0177,2021-01-18,215.0823,8W,9.99,,,,,,
AMT,2020,3,option,2020-11-23,2020-11-30,200.9306,201.0078,3.2079,2021-01-18,193.3512,8W,-3.21,,,,,,
AMZN,2020,3,option,2020-11-23,2020-11-30,160.424,160.8095,5.2016,2021-01-18,164.6115,8W,-2.59,,,,,,
AON,2020,2,option,2020-11-23,2020-11-30,197.9066,202.4152,4.0113,2021-01-18,198.8989,8W,-3.51,,,,,,
APD,2020,2,option,2020-11-23,2020-11-30,244.3801,251.7467,3.2079,2021-01-18,250.5412,8W,-0.69,,,,,,
MCO,2020,3,option,2020-11-23,2020-11-30,268.2088,269.051,4.8998,2021-01-18,255.2319,8W,-4.9,,,,,,
MSFT,2020,3,option,2020-11-23,2020-11-30,204.9697,207.0471,4.2658,2021-01-18,216.3143,8W,1.27,,,,,,
NFLX,2020,3,option,2020-11-23,2020-11-30,49.008,49.325,5.7335,2021-01-18,56.517,8W,9.59,,,,,,
PYPL,2020,3,option,2020-11-23,2020-11-30,211.3799,214.9209,3.7005,2021-01-18,250.6599,8W,14.88,,,,,,
SPGI,2020,3,option,2020-11-23,2020-11-30,328.59,328.701,4.8998,2021-01-18,301.6102,8W,-4.9,,,,,,
AAPL,2020,2,option,2020-11-30,2020-12-07,118.9516,120.3813,3.1971,2021-01-25,128.3367,8W,4.69,,,,,,
BAX,2020,7,option,2020-11-30,2020-12-07,69.8721,70.0866,3.1771,2021-01-25,69.0098,8W,-3.18,,,,,,
BSX,2020,2,option,2020-11-30,2020-12-07,34.36,34.42,3.1771,2021-01-25,35.44,8W,-0.03,,,,,,
CMG,2020,2,option,2020-11-30,2020-12-07,26.6714,26.7546,3.5542,2021-01-25,29.6,8W,7.43,,,,,,
JNJ,2020,3,option,2020-11-30,2020-12-07,128.8892,129.7177,3.5275,2021-01-25,140.7814,8W,5.7,,,,,,
ORLY,2020,3,option,2020-11-30,2020-12-07,29.868,30.302,3.5542,2021-01-25,28.3647,8W,-3.55,,,,,,
PGR,2020,2,option,2020-12-07,2020-12-14,80.6304,80.9968,4.4867,2021-02-01,78.1695,8W,-4.49,,,,,,
ADBE,2020,3,option,2020-12-14,2020-12-21,498.05,504.07,4.3585,2021-02-08,498.84,8W,-4.2,,,,,,
AMZN,2020,4,option,2020-12-14,2020-12-21,160.0005,163.1755,5.3838,2021-02-08,163.8855,8W,-2.96,,,,,,
APD,2020,3,option,2020-12-14,2020-12-21,233.2775,239.1673,3.3203,2021-02-08,230.1782,8W,-3.32,,,,,,
BSX,2020,3,option,2020-12-14,2020-12-21,34.93,36.13,3.2963,2021-02-08,38.39,8W,6.61,,,,,,
CMG,2020,3,option,2020-12-14,2020-12-21,28.0,28.5,3.6876,2021-02-08,30.554,8W,5.43,,,,,,
EQIX,2020,2,option,2020-12-14,2020-12-21,633.5033,648.3173,4.3585,2021-02-08,641.1633,8W,-3.15,,,,,,
HD,2020,2,option,2020-12-14,2020-12-21,236.1855,242.4999,3.8546,2021-02-08,244.0565,8W,-0.52,,,,,,
MA,2020,2,option,2020-12-14,2020-12-21,323.4217,331.5653,3.9455,2021-02-08,331.4024,8W,-1.48,,,,,,
MCO,2020,4,option,2020-12-14,2020-12-21,269.1275,272.4771,5.0714,2021-02-08,266.6872,8W,-5.07,2021-03-08,276.246,2021-04-26,313.3653,8W,8.37
MSFT,2020,4,option,2020-12-14,2020-12-21,208.2725,211.4701,4.4152,2021-02-08,234.5423,8W,8.2,,,,,,
NEM,2020,2,option,2020-12-14,2020-12-21,51.6546,53.0864,3.3203,2021-02-08,50.2313,8W,-3.32,,,,,,
NOC,2020,2,option,2020-12-14,2020-12-21,274.5038,281.8108,3.3203,2021-02-08,272.9706,8W,-3.32,,,,,,
REGN,2020,3,option,2020-12-14,2020-12-21,490.685,503.5879,3.1234,2021-02-08,482.3613,8W,-3.12,,,,,,
HUM,2020,2,option,2020-12-21,2020-12-28,386.9666,387.2132,6.2563,2021-02-15,358.2121,8W,-6.26,,,,,,
AMGN,2020,3,option,2020-12-28,2021-01-04,196.2043,195.3558,3.8368,2021-02-22,192.2526,8W,-3.84,2021-03-15,196.5948,2021-05-03,217.2885,8W,6.69
AMT,2020,4,option,2020-12-28,2021-01-04,195.2078,193.9989,1.9523,2021-02-22,186.6247,8W,-1.95,,,,,,
CCI,2020,3,option,2020-12-28,2021-01-04,124.0609,124.8522,1.9523,2021-02-22,122.0239,8W,-1.95,,,,,,
GILD,2020,6,option,2020-12-28,2021-01-04,48.1485,47.8941,3.4834,2021-02-22,50.3889,8W,1.17,,,,,,
MCD,2020,2,option,2020-12-28,2021-01-04,190.2838,191.4282,2.6185,2021-02-22,182.8761,8W,-2.62,,,,,,
PG,2020,2,option,2020-12-28,2021-01-04,122.3683,122.6136,4.2183,2021-02-22,108.8883,8W,-4.22,,,,,,
PLD,2020,2,option,2020-12-28,2021-01-04,85.8486,86.0642,1.9523,2021-02-22,85.4347,8W,-1.95,2021-03-15,87.3061,2021-05-03,100.673,8W,13.36
SPGI,2020,4,option,2020-12-28,2021-01-04,317.4688,314.7316,3.4693,2021-02-22,315.2197,8W,-3.47,,,,,,
ZTS,2020,2,option,2020-12-28,2021-01-04,158.0299,157.7253,3.582,2021-02-22,148.0156,8W,-3.58,,,,,,
CMG,2021,4,option,2021-01-04,2021-01-11,27.8272,28.2102,2.4815,2021-03-01,26.6456,8W,-2.48,2021-03-15,29.14,2021-05-03,28.521,8W,-2.48
DG,2021,2,option,2021-01-04,2021-01-11,199.1963,202.2069,2.4815,2021-03-01,165.2893,8W,-2.48,,,,,,
HD,2021,3,option,2021-01-04,2021-01-11,235.2269,238.0939,2.4708,2021-03-01,222.9585,8W,-2.47,,,,,,
CCI,2021,4,option,2021-01-11,2021-01-18,124.4683,123.7554,2.0887,2021-03-08,124.3195,8W,-2.09,,,,,,
KMB,2021,3,option,2021-01-11,2021-01-18,108.7515,109.4837,4.5131,2021-03-08,110.7636,8W,-2.66,,,,,,
NOC,2021,3,option,2021-01-11,2021-01-18,278.6071,283.5091,2.0887,2021-03-08,278.3745,8W,-2.09,,,,,,
PGR,2021,3,option,2021-01-11,2021-01-18,84.8988,85.8282,4.0947,2021-03-08,83.1472,8W,-4.09,,,,,,
PLD,2021,3,option,2021-01-11,2021-01-18,84.8569,84.2791,2.0887,2021-03-08,87.3491,8W,0.85,,,,,,
AEP,2021,2,option,2021-01-18,2021-01-25,67.3985,68.1255,1.8802,2021-03-15,69.7627,8W,1.63,,,,,,
AMZN,2021,5,option,2021-01-18,2021-01-25,166.425,167.4275,3.4656,2021-03-15,153.748,8W,-3.47,,,,,,
CRM,2021,2,option,2021-01-18,2021-01-25,226.9327,225.0555,3.9125,2021-03-15,209.6527,8W,-3.91,,,,,,
D,2021,2,option,2021-01-18,2021-01-25,57.2307,57.5643,1.8802,2021-03-15,58.7876,8W,0.84,,,,,,
MCD,2021,3,option,2021-01-18,2021-01-25,188.27,191.5879,2.5218,2021-03-15,198.5508,8W,2.94,,,,,,
META,2021,2,option,2021-01-18,2021-01-25,275.9743,276.3017,4.9179,2021-03-15,287.8511,8W,-0.61,,,,,,
MSFT,2021,5,option,2021-01-18,2021-01-25,219.3491,220.2586,2.8551,2021-03-15,221.0346,8W,-2.09,,,,,,
NVDA,2021,2,option,2021-01-18,2021-01-25,13.7424,13.9592,4.2299,2021-03-15,12.8135,8W,-4.23,,,,,,
SPGI,2021,5,option,2021-01-18,2021-01-25,302.4716,310.5205,3.3412,2021-03-15,333.2263,8W,6.83,,,,,,
CSGP,2021,2,option,2021-01-25,2021-02-01,91.265,91.311,3.8789,2021-03-22,81.647,8W,-3.88,,,,,,
DUK,2021,2,option,2021-01-25,2021-02-01,76.6594,77.0914,2.0697,2021-03-22,78.9231,8W,0.88,,,,,,
PSA,2021,2,option,2021-01-25,2021-02-01,182.9988,183.8134,2.0697,2021-03-22,196.967,8W,5.56,,,,,,
ADBE,2021,4,option,2021-02-01,2021-02-08,494.26,495.1,2.4464,2021-03-29,483.34,8W,-2.45,2021-04-12,499.29,2021-05-31,504.5,8W,-1.4
GLW,2021,2,option,2021-02-01,2021-02-08,32.6489,32.7794,2.7381,2021-03-29,38.5079,8W,15.21,,,,,,
HD,2021,4,option,2021-02-01,2021-02-08,245.9737,247.7942,1.8663,2021-03-29,272.3472,8W,8.86,,,,,,
ITW,2021,2,option,2021-02-01,2021-02-08,180.8098,180.2754,2.7381,2021-03-29,197.1807,8W,6.32,,,,,,
LOW,2021,2,option,2021-02-01,2021-02-08,160.3527,159.642,1.8663,2021-03-29,174.3306,8W,6.85,,,,,,
MCD,2021,4,option,2021-02-01,2021-02-08,188.5451,190.0088,2.2612,2021-03-29,201.0233,8W,4.36,,,,,,
MCO,2021,5,option,2021-02-01,2021-02-08,266.534,269.2711,2.0787,2021-03-29,293.7986,8W,8.15,,,,,,
META,2021,3,option,2021-02-01,2021-02-08,266.6574,267.1039,4.6845,2021-03-29,296.3345,8W,6.44,,,,,,
NOC,2021,4,option,2021-02-01,2021-02-08,276.3121,279.6628,1.3054,2021-03-29,297.2377,8W,6.27,,,,,,
NVDA,2021,3,option,2021-02-01,2021-02-08,13.688,13.8919,3.2699,2021-03-29,13.777,8W,-2.62,,,,,,
ORLY,2021,4,option,2021-02-01,2021-02-08,30.1533,30.5793,2.2612,2021-03-29,33.8547,8W,10.01,,,,,,
WMT,2021,2,option,2021-02-01,2021-02-08,45.0065,45.0189,2.2612,2021-03-29,42.3262,8W,-2.26,,,,,,
ZTS,2021,3,option,2021-02-01,2021-02-08,152.9354,152.8019,2.4701,2021-03-29,150.5423,8W,-2.47,2021-04-19,159.705,2021-06-07,173.9797,8W,6.47
DG,2021,3,option,2021-02-08,2021-02-15,183.6117,190.3079,2.1637,2021-04-05,191.1404,8W,1.94,,,,,,
DHR,2021,2,option,2021-02-08,2021-02-15,214.4715,213.8311,2.2728,2021-04-05,201.2845,8W,-2.27,,,,,,
SHW,2021,2,option,2021-02-08,2021-02-15,229.6827,232.0431,1.4737,2021-04-05,244.2372,8W,4.86,,,,,,
AEP,2021,3,option,2021-02-15,2021-02-22,65.7606,67.278,1.3792,2021-04-12,73.8316,8W,10.89,,,,,,
APD,2021,4,option,2021-02-15,2021-02-22,232.1128,234.5335,1.3792,2021-04-12,255.3242,8W,8.62,,,,,,
COST,2021,2,option,2021-02-15,2021-02-22,333.9661,339.1259,2.1006,2021-04-12,350.9792,8W,2.99,,,,,,
GLW,2021,3,option,2021-02-15,2021-02-22,32.8925,34.0669,2.893,2021-04-12,40.0924,8W,19.0,,,,,,
ORLY,2021,5,option,2021-02-15,2021-02-22,30.5913,30.9713,2.3891,2021-04-12,35.368,8W,13.23,,,,,,
PAYX,2021,2,option,2021-02-15,2021-02-22,77.8431,79.704,2.1963,2021-04-12,84.3863,8W,6.21,,,,,,
PG,2021,3,option,2021-02-15,2021-02-22,111.7619,114.4592,1.6272,2021-04-12,120.9821,8W,6.62,,,,,,
TDG,2021,2,option,2021-02-15,2021-02-22,494.8531,499.2748,2.6097,2021-04-12,513.2213,8W,1.1,,,,,,
XEL,2021,2,option,2021-02-15,2021-02-22,53.0656,53.1079,1.3792,2021-04-12,60.0491,8W,11.78,,,,,,
CHTR,2021,2,option,2021-02-22,2021-03-01,618.39,627.38,2.964,2021-04-19,657.54,8W,3.37,,,,,,
HUM,2021,3,option,2021-02-22,2021-03-01,362.5459,370.6813,3.7138,2021-04-19,427.0868,8W,14.09,,,,,,
MA,2021,2,option,2021-02-22,2021-03-01,350.5285,358.4102,2.9194,2021-04-19,376.6125,8W,4.52,,,,,,
SBUX,2021,2,option,2021-02-22,2021-03-01,96.8237,97.6083,3.3565,2021-04-19,104.8122,8W,4.89,,,,,,
V,2021,2,option,2021-02-22,2021-03-01,207.2091,212.5684,2.7465,2021-04-19,221.6964,8W,4.25,,,,,,
AMD,2021,2,option,2021-03-29,2021-04-05,81.74,81.31,3.9359,2021-05-24,80.08,8W,-3.94,2021-06-07,81.4,2021-07-26,106.19,8W,26.52
AMZN,2021,6,option,2021-03-29,2021-04-05,158.65,158.122,2.7734,2021-05-24,161.1535,8W,-1.2,,,,,,
CRM,2021,3,option,2021-03-29,2021-04-05,216.9737,216.3018,2.748,2021-05-24,235.2417,8W,5.67,,,,,,
NVDA,2021,4,option,2021-03-29,2021-04-05,13.8326,13.8351,3.9359,2021-05-24,16.2037,8W,13.21,,,,,,
TDG,2021,4,option,2021-03-29,2021-04-05,506.2979,503.0898,2.1861,2021-05-24,539.2776,8W,4.33,,,,,,
AVGO,2021,2,option,2021-04-05,2021-04-12,43.6022,44.2998,3.3984,2021-05-31,42.9752,8W,-3.4,,,,,,
BDX,2021,2,option,2021-04-05,2021-04-12,174.5163,174.9608,2.1053,2021-05-31,169.7894,8W,-2.11,2021-07-05,175.5762,2021-08-23,175.9302,8W,-1.9
CHTR,2021,3,option,2021-04-05,2021-04-12,612.34,617.85,3.1041,2021-05-31,682.65,8W,8.38,,,,,,
CMG,2021,3,option,2021-04-05,2021-04-12,31.1062,30.9348,1.8851,2021-05-31,26.5268,8W,-1.89,,,,,,
NKE,2021,3,option,2021-04-05,2021-04-12,124.9093,128.1444,2.3663,2021-05-31,124.2232,8W,-2.37,,,,,,
TJX,2021,2,option,2021-04-05,2021-04-12,64.4572,64.5966,1.8851,2021-05-31,61.2301,8W,-1.89,,,,,,
ABT,2021,2,option,2021-04-12,2021-04-19,113.2236,113.7952,2.0498,2021-06-07,100.6829,8W,-2.05,,,,,,
UBER,2021,2,option,2021-04-12,2021-04-19,60.0,61.5,7.0716,2021-06-07,50.01,8W,-7.07,,,,,,
ENPH,2021,2,option,2021-04-19,2021-04-26,167.35,168.26,4.5698,2021-06-14,165.85,8W,-4.57,2021-06-28,179.02,2021-08-16,165.99,8W,-4.57
CTSH,2021,2,option,2021-04-26,2021-05-03,74.5657,75.5449,2.6308,2021-06-21,65.3366,8W,-2.63,,,,,,
FCX,2021,2,option,2021-04-26,2021-05-03,35.9392,37.4082,1.7793,2021-06-21,34.8445,8W,-1.78,,,,,,
NKE,2021,4,option,2021-04-26,2021-05-03,123.63,124.3253,2.7674,2021-06-21,143.3666,8W,13.2,,,,,,
PCG,2021,2,option,2021-04-26,2021-05-03,11.1705,11.1903,1.7793,2021-06-21,10.0534,8W,-1.78,,,,,,
TDG,2021,5,option,2021-04-26,2021-05-03,512.9969,510.8776,6.2856,2021-06-21,559.5408,8W,2.79,,,,,,
CTAS,2021,4,option,2021-05-03,2021-05-10,85.9707,86.6512,2.3594,2021-06-28,91.7676,8W,4.38,,,,,,
PCAR,2021,2,option,2021-05-03,2021-05-10,52.6113,52.4286,2.1202,2021-06-28,49.0803,8W,-2.12,,,,,,
ADI,2021,2,option,2021-05-17,2021-05-24,147.6964,147.889,1.9035,2021-07-12,147.8142,8W,-1.82,,,,,,
AMD,2021,3,option,2021-05-17,2021-05-24,77.26,78.81,6.0708,2021-07-12,85.89,8W,5.1,,,,,,
ENPH,2021,3,option,2021-05-17,2021-05-24,143.7,145.0,6.0708,2021-07-12,163.45,8W,7.67,,,,,,
PANW,2021,2,option,2021-05-17,2021-05-24,60.1583,61.0717,4.5426,2021-07-12,64.7167,8W,3.03,,,,,,
SNPS,2021,2,option,2021-05-17,2021-05-24,245.0,248.29,2.9348,2021-07-12,276.56,8W,9.95,,,,,,
TTWO,2021,2,option,2021-05-17,2021-05-24,184.36,188.34,2.9348,2021-07-12,170.52,8W,-2.93,,,,,,
APTV,2021,2,option,2021-05-24,2021-05-31,152.22,151.95,6.6555,2021-07-19,157.39,8W,-3.26,,,,,,
AVGO,2021,3,option,2021-05-24,2021-05-31,43.015,42.9408,4.0259,2021-07-19,44.0548,8W,-1.61,,,,,,
CDNS,2021,2,option,2021-05-24,2021-05-31,126.12,129.06,2.4411,2021-07-19,145.67,8W,13.06,,,,,,
EMR,2021,2,option,2021-05-24,2021-05-31,88.0085,87.1821,1.757,2021-07-19,89.4343,8W,-0.14,,,,,,
IDXX,2021,2,option,2021-05-24,2021-05-31,565.64,565.93,1.8172,2021-07-19,693.74,8W,20.83,,,,,,
MCHP,2021,2,option,2021-05-24,2021-05-31,71.3996,71.2414,3.5463,2021-07-19,62.913,8W,-3.55,2021-08-30,72.4061,2021-10-18,68.1725,8W,-3.55
NFLX,2021,2,option,2021-05-24,2021-05-31,50.401,51.176,3.1149,2021-07-19,51.541,8W,-0.85,,,,,,
NKE,2021,5,option,2021-05-24,2021-05-31,128.0407,128.2093,2.447,2021-07-19,154.5219,8W,18.23,,,,,,
NOW,2021,3,option,2021-05-24,2021-05-31,95.52,97.454,3.5723,2021-07-19,117.236,8W,19.16,,,,,,
PYPL,2021,2,option,2021-05-24,2021-05-31,259.6915,261.7506,2.3422,2021-07-19,306.8892,8W,15.83,,,,,,
QCOM,2021,2,option,2021-05-24,2021-05-31,121.1064,121.5904,3.5463,2021-07-19,130.5361,8W,4.24,,,,,,
TDG,2021,6,option,2021-05-24,2021-05-31,543.3004,540.8069,2.0506,2021-07-19,538.2803,8W,-2.05,,,,,,
TEL,2021,2,option,2021-05-24,2021-05-31,127.5548,127.2202,1.757,2021-07-19,128.5771,8W,-0.96,,,,,,
TMO,2021,3,option,2021-05-24,2021-05-31,460.7184,474.2243,1.8172,2021-07-19,525.3944,8W,12.22,,,,,,
TSLA,2021,2,option,2021-05-24,2021-05-31,209.2667,211.8633,6.6555,2021-07-19,214.46,8W,-4.17,,,,,,
UBER,2021,3,option,2021-05-24,2021-05-31,51.62,51.74,6.6555,2021-07-19,47.46,8W,-6.66,,,,,,
AJG,2021,2,option,2021-08-09,2021-08-16,133.5914,136.6003,1.9558,2021-10-04,148.7112,8W,9.36,,,,,,
HON,2021,3,option,2021-08-09,2021-08-16,198.8628,200.4821,1.9879,2021-10-04,186.718,8W,-1.99,,,,,,
MMM,2021,3,option,2021-08-09,2021-08-16,141.3981,142.2982,1.9256,2021-10-04,125.3737,8W,-1.93,,,,,,
NSC,2021,3,option,2021-08-09,2021-08-16,243.9653,245.1093,1.4555,2021-10-04,240.488,8W,-1.46,2021-10-18,248.9407,2021-12-06,263.868,8W,4.54
PCG,2021,4,option,2021-08-09,2021-08-16,9.1143,9.4999,1.4555,2021-10-04,10.5872,8W,14.7,,,,,,
VZ,2021,2,option,2021-08-09,2021-08-16,42.0834,42.1285,2.0477,2021-10-04,40.0665,8W,-2.05,,,,,,
AMAT,2021,4,option,2021-08-23,2021-08-30,132.3009,131.6562,5.8711,2021-10-18,130.7237,8W,-5.87,2021-11-08,148.9287,2021-12-27,151.5772,8W,-4.09
AVGO,2021,6,option,2021-08-23,2021-08-30,45.5912,45.2666,3.5852,2021-10-18,47.3407,8W,0.25,,,,,,
BKNG,2021,4,option,2021-08-23,2021-08-30,2257.8209,2277.0912,2.5858,2021-10-18,2350.6768,8W,1.53,,,,,,
CAT,2021,2,option,2021-08-23,2021-08-30,196.3859,198.6702,3.3979,2021-10-18,184.8083,8W,-3.4,,,,,,
COF,2021,2,option,2021-08-23,2021-08-30,158.8677,162.4117,2.729,2021-10-18,154.8993,8W,-2.73,,,,,,
CVX,2021,4,option,2021-08-23,2021-08-30,82.5482,82.8564,3.7762,2021-10-18,93.9694,8W,10.06,,,,,,
DE,2021,2,option,2021-08-23,2021-08-30,358.7325,360.5874,3.3979,2021-10-18,321.7518,8W,-3.4,,,,,,
DIS,2021,3,option,2021-08-23,2021-08-30,176.3471,176.3862,2.8797,2021-10-18,165.522,8W,-2.88,,,,,,
DOW,2021,2,option,2021-08-23,2021-08-30,49.9846,50.6421,1.544,2021-10-18,45.3953,8W,-1.54,,,,,,
FCX,2021,2,option,2021-08-23,2021-08-30,34.9553,34.5333,1.544,2021-10-18,35.3951,8W,-0.29,,,,,,
GD,2021,2,option,2021-08-23,2021-08-30,181.645,182.181,1.544,2021-10-18,191.5011,8W,3.88,,,,,,
GE,2021,4,option,2021-08-23,2021-08-30,64.7601,64.6504,1.544,2021-10-18,63.4207,8W,-1.54,2021-11-08,66.6816,2021-12-27,57.6319,8W,-1.54
HLT,2021,4,option,2021-08-23,2021-08-30,126.2567,126.3258,2.5858,2021-10-18,139.8399,8W,8.17,,,,,,
HON,2021,4,option,2021-08-23,2021-08-30,198.3139,200.3208,2.1089,2021-10-18,186.4606,8W,-2.11,,,,,,
JPM,2021,4,option,2021-08-23,2021-08-30,145.4067,145.959,2.0748,2021-10-18,153.9641,8W,3.81,,,,,,
LRCX,2021,3,option,2021-08-23,2021-08-30,58.402,58.25,5.8711,2021-10-18,53.0174,8W,-5.87,2021-11-15,60.1842,2022-01-03,63.8752,8W,0.26
LVS,2021,2,option,2021-08-23,2021-08-30,41.8608,41.9083,2.8797,2021-10-18,36.0951,8W,-2.88,,,,,,
MAR,2021,4,option,2021-08-23,2021-08-30,131.1847,132.5804,2.5858,2021-10-18,148.9532,8W,10.96,,,,,,
MU,2021,4,option,2021-08-23,2021-08-30,72.2883,75.1264,5.8711,2021-10-18,65.9337,8W,-5.87,,,,,,
NEM,2021,2,option,2021-08-23,2021-08-30,50.6604,50.5043,1.544,2021-10-18,50.4253,8W,-1.54,,,,,,
PH,2021,3,option,2021-08-23,2021-08-30,287.3927,289.7721,2.1089,2021-10-18,282.1688,8W,-2.11,,,,,,
PM,2021,2,option,2021-08-23,2021-08-30,81.4954,81.7429,2.2786,2021-10-18,78.2834,8W,-2.28,,,,,,
PNC,2021,3,option,2021-08-23,2021-08-30,164.8546,164.6348,2.0748,2021-10-18,183.8146,8W,9.43,,,,,,
SYK,2021,3,option,2021-08-23,2021-08-30,261.5543,262.2798,2.3884,2021-10-18,263.8072,8W,-1.53,,,,,,
TTWO,2021,5,option,2021-08-23,2021-08-30,158.99,164.62,2.6302,2021-10-18,180.75,8W,11.06,,,,,,
TXN,2021,4,option,2021-08-23,2021-08-30,167.8117,167.2944,3.2863,2021-10-18,174.5456,8W,0.73,,,,,,
UBER,2021,5,option,2021-08-23,2021-08-30,40.58,42.11,5.3212,2021-10-18,45.51,8W,6.83,,,,,,
USB,2021,2,option,2021-08-23,2021-08-30,47.697,47.8199,2.0748,2021-10-18,51.7944,8W,6.52,,,,,,
ZBH,2021,3,option,2021-08-23,2021-08-30,140.437,141.8205,2.3884,2021-10-18,140.8294,8W,-2.11,,,,,,
AMGN,2021,2,option,2021-08-30,2021-09-06,193.4339,197.0684,4.7492,2021-10-25,179.5292,8W,-4.75,,,,,,
BAX,2021,3,option,2021-08-30,2021-09-06,74.7065,75.1783,2.3913,2021-10-25,71.6485,8W,-2.39,,,,,,
ELV,2021,3,option,2021-08-30,2021-09-06,354.8229,358.1123,2.2623,2021-10-25,407.8638,8W,12.69,,,,,,
FDX,2021,3,option,2021-08-30,2021-09-06,242.84,244.5829,3.1584,2021-10-25,214.7726,8W,-3.16,,,,,,
HD,2021,2,option,2021-08-30,2021-09-06,295.9825,294.3696,3.402,2021-10-25,332.3823,8W,8.9,,,,,,
SRE,2021,2,option,2021-08-30,2021-09-06,57.2706,58.1575,1.5459,2021-10-25,55.4159,8W,-1.55,,,,,,
T,2021,3,option,2021-08-30,2021-09-06,15.7124,15.9412,2.175,2021-10-25,14.822,8W,-2.17,,,,,,
VZ,2021,3,option,2021-08-30,2021-09-06,41.677,41.7673,2.175,2021-10-25,40.3519,8W,-2.17,,,,,,
BDX,2021,2,option,2021-11-01,2021-11-08,172.2226,179.1903,2.0325,2021-12-27,179.2477,8W,2.05,,,,,,
DIS,2021,4,option,2021-11-01,2021-11-08,174.5788,172.9179,3.3343,2021-12-27,151.3264,8W,-3.33,,,,,,
DOW,2021,4,option,2021-11-01,2021-11-08,45.8072,46.3164,1.4751,2021-12-27,44.6318,8W,-1.48,,,,,,
GLW,2021,6,option,2021-11-01,2021-11-08,34.1329,34.1329,3.9284,2021-12-27,33.1724,8W,-3.93,,,,,,
MA,2021,2,option,2021-11-01,2021-11-08,339.4439,341.541,3.3974,2021-12-27,350.4755,8W,-0.15,,,,,,
NEM,2021,4,option,2021-11-01,2021-11-08,49.7426,49.3837,1.4751,2021-12-27,54.82,8W,8.73,,,,,,
SBUX,2021,3,option,2021-11-01,2021-11-08,104.7031,105.431,2.6167,2021-12-27,105.5607,8W,-1.8,,,,,,
SO,2021,2,option,2021-11-01,2021-11-08,53.6368,53.6538,1.4751,2021-12-27,58.6884,8W,7.94,,,,,,
SYK,2021,2,option,2021-11-01,2021-11-08,265.8355,266.3809,2.0325,2021-12-27,255.8565,8W,-2.03,,,,,,
TXN,2021,6,option,2021-11-01,2021-11-08,171.1831,172.4094,4.7995,2021-12-27,166.2692,8W,-4.8,,,,,,
WELL,2021,2,option,2021-11-01,2021-11-08,75.4662,76.8691,1.4751,2021-12-27,77.1871,8W,0.81,,,,,,
YUM,2021,2,option,2021-11-01,2021-11-08,116.1141,117.4182,2.6167,2021-12-27,128.0356,8W,7.65,,,,,,
C,2021,3,option,2021-11-08,2021-11-15,59.5392,59.3248,2.9003,2022-01-03,56.4092,8W,-2.9,,,,,,
CARR,2021,2,option,2021-11-08,2021-11-15,52.7201,52.8141,3.8831,2022-01-03,48.8922,8W,-3.88,,,,,,
CHTR,2021,2,option,2021-11-08,2021-11-15,689.71,706.93,2.213,2022-01-03,610.49,8W,-2.21,,,,,,
DHR,2021,2,option,2021-11-08,2021-11-15,263.7838,266.716,1.7663,2022-01-03,256.6718,8W,-1.77,,,,,,
HSY,2021,2,option,2021-11-08,2021-11-15,159.4616,161.1719,1.3589,2022-01-03,176.2496,8W,9.17,,,,,,
IQV,2021,3,option,2021-11-08,2021-11-15,254.91,256.57,1.7663,2022-01-03,256.91,8W,-0.98,,,,,,
MSI,2021,2,option,2021-11-08,2021-11-15,238.1413,240.0757,3.8831,2022-01-03,240.1895,8W,-3.02,,,,,,
PM,2021,4,option,2021-11-08,2021-11-15,76.7643,77.5239,1.3589,2022-01-03,81.2006,8W,4.42,,,,,,
PSA,2021,2,option,2021-11-08,2021-11-15,268.5962,270.0647,1.4581,2022-01-03,292.0156,8W,7.26,,,,,,
T,2021,4,option,2021-11-08,2021-11-15,14.6519,14.7457,2.213,2022-01-03,15.4264,8W,3.07,,,,,,
VZ,2021,6,option,2021-11-08,2021-11-15,39.9331,40.1768,2.213,2022-01-03,41.3038,8W,1.22,,,,,,
WAT,2021,2,option,2021-11-08,2021-11-15,357.91,358.5,1.7663,2022-01-03,347.03,8W,-1.77,,,,,,
AEP,2021,2,option,2021-11-15,2021-11-22,71.2987,71.6154,1.6031,2022-01-10,77.8629,8W,7.6,,,,,,
EQIX,2021,2,option,2021-11-15,2021-11-22,722.3727,734.5998,3.8848,2022-01-10,685.0281,8W,-3.88,,,,,,
IDXX,2021,2,option,2021-11-15,2021-11-22,644.66,649.94,1.9419,2022-01-10,529.35,8W,-1.94,,,,,,
SO,2021,3,option,2021-11-15,2021-11-22,53.5624,53.6822,1.6031,2022-01-10,58.7569,8W,8.09,,,,,,
TXN,2021,7,option,2021-11-15,2021-11-22,172.6476,172.2506,5.2159,2022-01-10,164.9812,8W,-5.22,,,,,,
XEL,2021,3,option,2021-11-15,2021-11-22,56.5123,56.4258,1.6031,2022-01-10,60.0617,8W,4.68,,,,,,
YUM,2021,3,option,2021-11-15,2021-11-22,116.8213,117.556,2.8438,2022-01-10,117.1554,8W,-2.56,,,,,,
DOW,2021,5,option,2021-11-22,2021-11-29,45.0066,46.4213,2.5618,2022-01-17,44.6318,8W,-2.56,,,,,,
DUK,2021,2,option,2021-11-22,2021-11-29,84.6725,85.7487,2.5618,2022-01-17,87.2655,8W,0.5,,,,,,
IBM,2021,3,option,2021-11-22,2021-11-29,100.7199,100.8812,6.8222,2022-01-17,109.8307,8W,2.22,,,,,,
VZ,2021,7,option,2021-11-22,2021-11-29,39.3011,39.7504,3.888,2022-01-17,40.9691,8W,0.36,,,,,,
BLK,2021,2,option,2021-12-27,2022-01-03,826.0184,835.6607,3.9578,2022-02-21,675.3843,8W,-3.96,,,,,,
CARR,2021,3,option,2021-12-27,2022-01-03,50.1277,51.4575,2.5779,2022-02-21,42.658,8W,-2.58,,,,,,
ETN,2021,2,option,2021-12-27,2022-01-03,162.4424,162.7141,2.5779,2022-02-21,144.3891,8W,-2.58,,,,,,
GLW,2021,8,option,2021-12-27,2022-01-03,33.3239,33.7338,2.5779,2022-02-21,36.6206,8W,7.31,,,,,,
IFF,2021,2,option,2021-12-27,2022-01-03,134.0714,133.729,2.5283,2022-02-21,124.0946,8W,-2.53,,,,,,
LHX,2021,2,option,2021-12-27,2022-01-03,195.832,196.3549,1.5101,2022-02-21,214.2162,8W,7.88,,,,,,
TGT,2021,2,option,2021-12-27,2022-01-03,201.828,204.2736,2.2277,2022-02-21,174.7627,8W,-2.23,,,,,,
USB,2021,2,option,2021-12-27,2022-01-03,46.6756,47.1301,2.959,2022-02-21,47.7243,8W,-0.71,,,,,,
AEP,2022,3,option,2022-07-25,2022-08-01,85.5135,86.2791,2.5948,2022-09-19,85.7116,8W,-2.36,,,,,,
CB,2022,3,option,2022-07-25,2022-08-01,177.696,184.1883,3.9242,2022-09-19,172.6219,8W,-3.92,,,,,,
D,2022,3,option,2022-07-25,2022-08-01,68.4034,68.7459,2.5948,2022-09-19,65.4959,8W,-2.59,,,,,,
DUK,2022,3,option,2022-07-25,2022-08-01,94.8853,95.3603,2.5948,2022-09-19,90.3908,8W,-2.59,,,,,,
ELV,2022,3,option,2022-07-25,2022-08-01,448.8919,453.5793,2.8452,2022-09-19,430.0393,8W,-2.85,,,,,,
HSY,2022,2,option,2022-07-25,2022-08-01,206.5787,210.2284,2.7819,2022-09-19,204.2284,8W,-2.78,,,,,,
LHX,2022,3,option,2022-07-25,2022-08-01,222.6417,223.1971,2.5948,2022-09-19,205.0228,8W,-2.59,,,,,,
NOC,2022,2,option,2022-07-25,2022-08-01,453.2521,451.7737,2.5948,2022-09-19,452.4339,8W,-2.59,,,,,,
TRV,2022,3,option,2022-07-25,2022-08-01,147.0831,150.557,3.9242,2022-09-19,145.6271,8W,-3.92,,,,,,
XEL,2022,3,option,2022-07-25,2022-08-01,64.4399,64.9875,2.5948,2022-09-19,63.6169,8W,-2.59,,,,,,
PG,2022,3,option,2022-08-01,2022-08-08,132.5628,133.8699,2.8951,2022-09-26,115.3972,8W,-2.9,,,,,,
REGN,2022,3,option,2022-08-01,2022-08-08,615.6211,619.2962,3.7017,2022-09-26,684.2474,8W,7.45,,,,,,
ABBV,2022,2,option,2022-08-08,2022-08-15,125.9143,125.8967,3.8183,2022-10-03,122.087,8W,-3.82,2022-10-24,132.1728,2022-12-12,142.6339,8W,4.1
AMGN,2022,2,option,2022-08-08,2022-08-15,221.4948,225.3098,3.771,2022-10-03,205.2463,8W,-3.77,2022-10-24,228.4747,2022-12-12,241.2913,8W,1.84
BAX,2022,4,option,2022-08-08,2022-08-15,55.3441,56.0138,2.5761,2022-10-03,51.2822,8W,-2.58,,,,,,
BMY,2022,2,option,2022-08-08,2022-08-15,64.7981,65.03,3.8183,2022-10-03,59.8599,8W,-3.82,2022-10-31,66.2781,2022-12-19,63.0763,8W,-3.82
OXY,2022,2,option,2022-08-08,2022-08-15,59.8078,62.4016,3.8133,2022-10-03,65.9676,8W,6.49,,,,,,
WELL,2022,2,option,2022-08-08,2022-08-15,75.462,76.2105,2.2267,2022-10-03,53.9038,8W,-2.23,,,,,,
XOM,2022,2,option,2022-08-08,2022-08-15,80.4681,83.0126,4.538,2022-10-03,89.8011,8W,7.06,,,,,,
JNJ,2022,2,option,2022-08-15,2022-08-22,151.36,152.4533,2.1681,2022-10-10,148.3713,8W,-2.17,,,,,,
ABBV,2022,3,option,2022-09-05,2022-09-12,124.0666,125.0873,2.2969,2022-10-31,129.1242,8W,1.78,,,,,,
AMGN,2022,3,option,2022-09-05,2022-09-12,213.2848,223.3486,3.509,2022-10-31,241.1015,8W,9.53,,,,,,
BAX,2022,5,option,2022-09-05,2022-09-12,55.1177,55.1454,2.1857,2022-10-31,46.6353,8W,-2.19,,,,,,
BRK-B,2022,3,option,2022-09-05,2022-09-12,286.7,287.02,2.3109,2022-10-31,287.47,8W,-2.04,,,,,,
CB,2022,4,option,2022-09-05,2022-09-12,186.6385,187.1152,2.3109,2022-10-31,200.264,8W,4.99,,,,,,
CME,2022,2,option,2022-09-05,2022-09-12,170.1569,170.4016,3.4139,2022-10-31,144.3517,8W,-3.41,,,,,,
CTSH,2022,3,option,2022-09-05,2022-09-12,62.3216,61.9256,3.7222,2022-10-31,49.614,8W,-3.72,,,,,,
DOW,2022,2,option,2022-09-05,2022-09-12,41.8182,41.3494,2.7357,2022-10-31,39.9756,8W,-2.74,,,,,,
ELV,2022,4,option,2022-09-05,2022-09-12,467.4385,471.9412,2.1938,2022-10-31,499.0294,8W,4.56,,,,,,
EXC,2022,3,option,2022-09-05,2022-09-12,40.3739,40.5408,2.7357,2022-10-31,32.6752,8W,-2.74,,,,,,
JNJ,2022,3,option,2022-09-05,2022-09-12,149.8599,149.9591,2.6118,2022-10-31,154.7045,8W,0.62,,,,,,
LHX,2022,4,option,2022-09-05,2022-09-12,219.6839,220.7723,2.7357,2022-10-31,213.3394,8W,-2.74,,,,,,
LLY,2022,2,option,2022-09-05,2022-09-12,310.0213,311.2657,3.509,2022-10-31,347.4701,8W,8.57,,,,,,
NOC,2022,3,option,2022-09-05,2022-09-12,463.9899,468.0813,2.7357,2022-10-31,493.962,8W,3.72,,,,,,
PM,2022,3,option,2022-09-05,2022-09-12,81.9532,82.2642,2.5509,2022-10-31,76.7128,8W,-2.55,,,,,,
TRV,2022,4,option,2022-09-05,2022-09-12,154.3752,153.8911,2.3109,2022-10-31,171.4593,8W,8.76,,,,,,
WELL,2022,3,option,2022-09-05,2022-09-12,71.7951,71.9331,2.7357,2022-10-31,56.0655,8W,-2.74,,,,,,
BMY,2022,3,option,2022-09-12,2022-09-19,61.0193,65.2619,2.6506,2022-11-07,65.7329,8W,5.07,,,,,,
AAPL,2022,2,option,2022-11-07,2022-11-14,146.6188,147.6424,3.3946,2023-01-02,127.5742,8W,-3.39,,,,,,
AMZN,2022,2,option,2022-11-07,2022-11-14,98.77,101.19,4.4946,2023-01-02,86.08,8W,-4.49,,,,,,
BDX,2022,2,option,2022-11-07,2022-11-14,168.8443,170.0397,3.0048,2023-01-02,192.0906,8W,10.76,,,,,,
CDNS,2022,2,option,2022-11-07,2022-11-14,166.03,167.99,3.2365,2023-01-02,159.66,8W,-3.24,,,,,,
EW,2022,3,option,2022-11-07,2022-11-14,74.39,75.8,3.0048,2023-01-02,77.01,8W,0.52,,,,,,
GOOG,2022,3,option,2022-11-07,2022-11-14,94.7223,96.5672,3.8663,2023-01-02,87.4421,8W,-3.87,,,,,,
GOOGL,2022,3,option,2022-11-07,2022-11-14,94.3105,96.1354,3.9178,2023-01-02,86.624,8W,-3.92,,,,,,
META,2022,2,option,2022-11-07,2022-11-14,110.1258,114.0053,5.7026,2023-01-02,129.0076,8W,11.44,,,,,,
MSFT,2022,2,option,2022-11-07,2022-11-14,235.1385,240.9686,3.2365,2023-01-02,219.1775,8W,-3.24,,,,,,
NOW,2022,3,option,2022-11-07,2022-11-14,80.302,84.892,4.7701,2023-01-02,73.306,8W,-4.77,,,,,,
PANW,2022,3,option,2022-11-07,2022-11-14,82.84,84.06,4.2708,2023-01-02,67.425,8W,-4.27,,,,,,
PSA,2022,2,option,2022-11-07,2022-11-14,257.3671,264.8706,2.6066,2023-01-02,242.2455,8W,-2.61,,,,,,
QCOM,2022,3,option,2022-11-07,2022-11-14,111.3649,112.6746,6.6132,2023-01-02,107.0624,8W,-6.61,,,,,,
SNPS,2022,2,option,2022-11-07,2022-11-14,329.99,331.45,3.2365,2023-01-02,320.54,8W,-3.24,,,,,,
WM,2022,2,option,2022-11-07,2022-11-14,150.2716,153.1219,2.9936,2023-01-02,151.6168,8W,-2.1,,,,,,
ZTS,2022,3,option,2022-11-07,2022-11-14,143.6742,143.9345,3.0048,2023-01-02,142.3628,8W,-3.0,,,,,,
EXR,2022,2,option,2022-11-14,2022-11-21,134.8039,137.0559,2.6761,2023-01-09,131.8128,8W,-2.68,,,,,,
AMZN,2022,3,option,2022-11-21,2022-11-28,93.93,95.02,4.0914,2023-01-16,97.25,8W,-0.56,,,,,,
D,2022,2,option,2022-11-21,2022-11-28,51.4701,52.203,2.3728,2023-01-16,53.1632,8W,0.92,,,,,,
INTU,2022,2,option,2022-11-21,2022-11-28,385.932,391.5295,3.86,2023-01-16,390.3307,8W,-2.72,,,,,,
TSLA,2022,2,option,2022-11-21,2022-11-28,179.96,185.2,6.0455,2023-01-16,133.42,8W,-6.05,,,,,,
EXR,2022,3,option,2022-12-19,2022-12-26,127.4219,129.0619,2.9317,2023-02-13,137.9652,8W,5.34,,,,,,
EPD,2022,2,option,2022-12-26,2023-01-02,19.0954,19.2223,3.6888,2023-02-20,20.9575,8W,6.06,,,,,,
DVN,2023,2,option,2023-01-02,2023-01-09,55.2203,54.8416,3.5968,2023-02-27,49.9176,8W,-3.6,,,,,,
MCK,2023,2,option,2023-01-02,2023-01-09,380.0464,380.7356,3.0768,2023-02-27,340.3561,8W,-3.08,,,,,,
CMG,2023,2,option,2023-01-09,2023-01-16,30.2998,30.5088,1.9677,2023-03-06,31.0142,8W,0.39,,,,,,
PSA,2023,3,option,2023-01-09,2023-01-16,256.4603,259.944,2.1654,2023-03-06,246.3594,8W,-2.17,,,,,,
TSLA,2023,3,option,2023-01-09,2023-01-16,125.7,125.95,9.9406,2023-03-06,173.44,8W,28.04,,,,,,
DG,2023,2,option,2023-01-23,2023-01-30,222.1776,225.5078,2.1818,2023-03-20,193.6163,8W,-2.18,,,,,,
TMUS,2023,2,option,2023-01-23,2023-01-30,140.2899,143.4436,4.5917,2023-03-20,137.0498,8W,-4.59,2023-04-10,143.4051,2023-05-29,126.1369,8W,-4.59
BMY,2023,2,option,2023-01-30,2023-02-06,64.9359,64.9534,3.2758,2023-03-27,60.4528,8W,-3.28,,,,,,
KDP,2023,2,option,2023-01-30,2023-02-06,32.0482,32.4678,1.9814,2023-03-27,32.1759,8W,-1.58,,,,,,
DVN,2023,3,option,2023-02-06,2023-02-13,55.4582,56.1012,4.3156,2023-04-03,47.4506,8W,-4.32,,,,,,
ELV,2023,2,option,2023-02-06,2023-02-13,466.0728,468.9603,2.9116,2023-04-03,460.7521,8W,-2.91,,,,,,
FANG,2023,2,option,2023-02-06,2023-02-13,129.7005,130.9719,4.3156,2023-04-03,125.8045,8W,-4.32,2023-04-17,131.345,2023-06-05,119.1461,8W,-4.32
OXY,2023,2,option,2023-02-06,2023-02-13,61.5662,62.2859,3.9147,2023-04-03,59.874,8W,-3.91,,,,,,
SYY,2023,2,option,2023-02-06,2023-02-13,71.5428,71.4783,2.4199,2023-04-03,71.1744,8W,-2.42,,,,,,
ADP,2023,2,option,2023-02-13,2023-02-20,210.4486,212.5374,2.3784,2023-04-10,201.38,8W,-2.38,,,,,,
CSGP,2023,2,option,2023-02-13,2023-02-20,77.06,79.3,4.0187,2023-04-10,69.22,8W,-4.02,,,,,,
DG,2023,3,option,2023-02-13,2023-02-20,211.2649,219.8916,2.3598,2023-04-10,200.5967,8W,-2.36,,,,,,
MCD,2023,2,option,2023-02-13,2023-02-20,249.8423,250.501,2.3598,2023-04-10,269.6582,8W,5.57,,,,,,
TMUS,2023,3,option,2023-02-13,2023-02-20,142.5398,143.6455,4.9662,2023-04-10,143.8282,8W,-4.06,,,,,,
FANG,2023,3,option,2023-02-20,2023-02-27,125.5268,126.0704,2.9476,2023-04-17,126.2878,8W,-2.34,,,,,,
ADP,2023,3,option,2023-02-27,2023-03-06,208.6662,209.0004,2.128,2023-04-24,205.3946,8W,-2.13,,,,,,
AMGN,2023,2,option,2023-02-27,2023-03-06,213.9169,215.2277,3.0403,2023-04-24,218.2317,8W,-1.02,,,,,,
CL,2023,2,option,2023-02-27,2023-03-06,68.6445,69.0543,1.8214,2023-04-24,74.8011,8W,7.15,,,,,,
COP,2023,2,option,2023-02-27,2023-03-06,97.2385,98.5944,3.5831,2023-04-24,93.5754,8W,-3.58,,,,,,
CVX,2023,2,option,2023-02-27,2023-03-06,144.7448,145.8369,3.5831,2023-04-24,148.4792,8W,-1.0,,,,,,
DE,2023,2,option,2023-02-27,2023-03-06,412.628,413.9417,4.1463,2023-04-24,363.6291,8W,-4.15,,,,,,
DVN,2023,4,option,2023-02-27,2023-03-06,49.4684,50.3228,2.5151,2023-04-24,47.917,8W,-2.52,,,,,,
MCD,2023,3,option,2023-02-27,2023-03-06,251.1541,249.9257,2.6564,2023-04-24,275.9756,8W,7.23,,,,,,
NEE,2023,2,option,2023-02-27,2023-03-06,67.3705,67.2385,2.128,2023-04-24,70.2013,8W,2.07,,,,,,
ORLY,2023,2,option,2023-02-27,2023-03-06,56.0,56.4927,2.6564,2023-04-24,61.154,8W,6.55,,,,,,
OXY,2023,3,option,2023-02-27,2023-03-06,57.8255,58.4315,3.5831,2023-04-24,58.4398,8W,-2.52,,,,,,
PAYX,2023,2,option,2023-02-27,2023-03-06,102.7119,102.821,2.5742,2023-04-24,99.955,8W,-2.57,,,,,,
DG,2023,4,option,2023-03-06,2023-03-13,203.6353,209.0447,3.5629,2023-05-01,206.5515,8W,-2.13,,,,,,
PEP,2023,2,option,2023-03-06,2023-03-13,156.1374,157.5834,2.2281,2023-05-01,175.5777,8W,10.22,,,,,,
ALL,2023,2,option,2023-03-27,2023-04-03,105.2347,103.9272,4.1795,2023-05-22,102.2928,8W,-4.18,,,,,,
APD,2023,2,option,2023-03-27,2023-04-03,266.9124,266.1496,2.1675,2023-05-22,255.0463,8W,-2.17,,,,,,
BRK-B,2023,2,option,2023-03-27,2023-04-03,309.25,308.81,4.1795,2023-05-22,320.6,8W,-0.51,,,,,,
CAT,2023,2,option,2023-03-27,2023-04-03,219.0673,218.1624,3.2879,2023-05-22,202.8186,8W,-3.29,2023-06-12,225.255,2023-07-31,266.0284,8W,14.81
COP,2023,3,option,2023-03-27,2023-04-03,95.6126,91.1645,3.6394,2023-05-22,93.1071,8W,-3.64,2023-06-05,95.3011,2023-07-24,106.6152,8W,8.23
CSGP,2023,3,option,2023-03-27,2023-04-03,68.46,69.02,3.5584,2023-05-22,78.49,8W,11.09,,,,,,
DE,2023,3,option,2023-03-27,2023-04-03,397.3257,396.5755,3.2879,2023-05-22,343.6114,8W,-3.29,,,,,,
DG,2023,5,option,2023-03-27,2023-04-03,198.8939,198.0285,2.1357,2023-05-22,193.4858,8W,-2.14,,,,,,
DUK,2023,2,option,2023-03-27,2023-04-03,84.6114,86.3906,2.1675,2023-05-22,79.7171,8W,-2.17,,,,,,
DVN,2023,5,option,2023-03-27,2023-04-03,47.899,45.6032,3.6837,2023-05-22,43.11,8W,-3.68,,,,,,
ELV,2023,4,option,2023-03-27,2023-04-03,445.4585,448.1742,2.8275,2023-05-22,424.8764,8W,-2.83,,,,,,
FANG,2023,4,option,2023-03-27,2023-04-03,128.078,121.3738,3.6837,2023-05-22,117.9842,8W,-3.68,,,,,,
KLAC,2023,2,option,2023-03-27,2023-04-03,386.4468,389.0346,5.506,2023-05-22,450.1959,8W,10.99,,,,,,
MET,2023,2,option,2023-03-27,2023-04-03,53.1017,52.8465,4.1795,2023-05-22,47.6681,8W,-4.18,,,,,,
MMM,2023,2,option,2023-03-27,2023-04-03,79.329,79.3592,1.6712,2023-05-22,74.2468,8W,-1.67,,,,,,
MRK,2023,2,option,2023-03-27,2023-04-03,96.649,98.1633,2.3769,2023-05-22,101.3196,8W,2.46,,,,,,
ORLY,2023,3,option,2023-03-27,2023-04-03,56.778,56.6667,2.1357,2023-05-22,61.5333,8W,6.24,,,,,,
PCG,2023,3,option,2023-03-27,2023-04-03,16.0143,16.0044,2.1675,2023-05-22,16.3307,8W,-0.19,,,,,,
SHW,2023,2,option,2023-03-27,2023-04-03,221.0243,219.3689,1.6712,2023-05-22,223.7222,8W,-0.45,,,,,,
SRE,2023,2,option,2023-03-27,2023-04-03,68.5795,68.7341,2.1675,2023-05-22,65.3972,8W,-2.17,,,,,,
CI,2023,2,option,2023-04-03,2023-04-10,249.9494,254.6016,2.7821,2023-05-29,243.0374,8W,-2.78,,,,,,
HUM,2023,3,option,2023-04-03,2023-04-10,501.1138,506.1012,2.7821,2023-05-29,502.3969,8W,-2.53,,,,,,
BAC,2023,2,option,2023-04-10,2023-04-17,27.5401,27.6326,4.4361,2023-06-05,27.2936,8W,-4.44,,,,,,
C,2023,2,option,2023-04-10,2023-04-17,44.8245,44.9416,4.4361,2023-06-05,43.9863,8W,-4.44,,,,,,
CARR,2023,2,option,2023-04-10,2023-04-17,42.6701,43.1017,3.1148,2023-06-05,43.6337,8W,-0.86,,,,,,
CAT,2023,3,option,2023-04-10,2023-04-17,214.3051,215.0861,3.0013,2023-06-05,225.0635,8W,2.02,,,,,,
DE,2023,4,option,2023-04-10,2023-04-17,374.499,375.0089,3.0013,2023-06-05,364.4468,8W,-3.0,2023-06-19,386.5424,2023-08-07,419.8023,8W,5.6
EL,2023,2,option,2023-04-10,2023-04-17,240.5046,243.6457,1.5255,2023-06-05,167.588,8W,-1.53,,,,,,
MAR,2023,2,option,2023-04-10,2023-04-17,163.7938,163.2696,3.7138,2023-06-05,174.3118,8W,2.71,,,,,,
MCO,2023,2,option,2023-04-10,2023-04-17,293.8227,298.623,4.0377,2023-06-05,328.1338,8W,7.64,,,,,,
PCAR,2023,2,option,2023-04-10,2023-04-17,65.1663,65.1931,3.0013,2023-06-05,69.0107,8W,2.9,,,,,,
SCHW,2023,2,option,2023-04-10,2023-04-17,47.3731,50.5121,3.8151,2023-06-05,52.9149,8W,7.88,,,,,,
WAT,2023,2,option,2023-04-10,2023-04-17,308.27,313.25,2.5131,2023-06-05,249.28,8W,-2.51,,,,,,
ITW,2023,2,option,2023-04-17,2023-04-24,221.5006,222.1946,3.8445,2023-06-12,232.5569,8W,1.15,,,,,,
O,2023,2,option,2023-04-17,2023-04-24,53.038,53.2421,1.6252,2023-06-12,52.6387,8W,-1.63,,,,,,
PAYX,2023,4,option,2023-04-17,2023-04-24,99.8186,100.3281,2.5031,2023-06-12,104.2136,8W,1.9,,,,,,
SPG,2023,2,option,2023-04-17,2023-04-24,94.5353,95.9946,1.9954,2023-06-12,97.8569,8W,1.52,,,,,,
SYY,2023,4,option,2023-04-17,2023-04-24,69.9388,70.1612,1.9954,2023-06-12,68.0292,8W,-2.0,,,,,,
AME,2023,2,option,2023-04-24,2023-05-01,135.2579,135.6306,3.6175,2023-06-19,153.3026,8W,9.72,,,,,,
ELV,2023,5,option,2023-04-24,2023-05-01,446.7259,450.0418,1.8366,2023-06-19,430.5588,8W,-1.84,,,,,,
ETN,2023,2,option,2023-04-24,2023-05-01,160.8932,162.0575,3.6175,2023-06-19,188.074,8W,13.28,,,,,,
IBM,2023,2,option,2023-04-24,2023-05-01,113.9872,114.7992,3.6175,2023-06-19,118.358,8W,0.22,,,,,,
KLAC,2023,3,option,2023-04-24,2023-05-01,375.3365,378.9458,4.5869,2023-06-19,446.057,8W,14.25,,,,,,
BMY,2023,4,option,2023-05-01,2023-05-08,59.8687,60.6689,2.0611,2023-06-26,56.2368,8W,-2.06,,,,,,
DHR,2023,2,option,2023-05-01,2023-05-08,212.5144,220.6447,2.5308,2023-06-26,209.3652,8W,-2.53,,,,,,
EMR,2023,3,option,2023-05-01,2023-05-08,80.4128,82.1696,3.9408,2023-06-26,85.913,8W,2.9,,,,,,
GM,2023,2,option,2023-05-01,2023-05-08,32.3599,33.2224,7.2776,2023-06-26,37.4744,8W,8.53,,,,,,
KMI,2023,2,option,2023-05-01,2023-05-08,14.8268,14.9308,3.2414,2023-06-26,14.9222,8W,-2.6,,,,,,
ET,2023,2,option,2023-05-08,2023-05-15,9.8973,10.0417,3.2112,2023-07-03,10.2262,8W,0.11,,,,,,
HD,2023,2,option,2023-05-08,2023-05-15,268.7782,272.162,2.7471,2023-07-03,282.7492,8W,2.45,,,,,,
IQV,2023,2,option,2023-05-08,2023-05-15,188.22,191.12,2.5073,2023-07-03,216.81,8W,12.68,,,,,,
NFLX,2023,2,option,2023-05-08,2023-05-15,34.062,34.817,7.6241,2023-07-03,43.81,8W,20.99,,,,,,
A,2023,2,option,2023-05-15,2023-05-22,126.0437,127.8169,2.8911,2023-07-10,117.5389,8W,-2.89,,,,,,
AFL,2023,2,option,2023-05-15,2023-05-22,62.9988,63.2915,2.3466,2023-07-10,65.5814,8W,1.75,,,,,,
APH,2023,2,option,2023-05-15,2023-05-22,36.9242,37.246,1.9159,2023-07-10,41.3546,8W,10.08,,,,,,
AXP,2023,2,option,2023-05-15,2023-05-22,148.7768,149.987,2.548,2023-07-10,168.4445,8W,10.67,,,,,,
BAC,2023,3,option,2023-05-15,2023-05-22,26.1802,26.5225,4.3161,2023-07-10,27.1444,8W,-0.63,,,,,,
BLK,2023,2,option,2023-05-15,2023-05-22,620.8791,630.3836,3.8986,2023-07-10,683.3594,8W,6.16,,,,,,
CARR,2023,3,option,2023-05-15,2023-05-22,41.139,42.0733,1.9159,2023-07-10,52.0593,8W,24.63,,,,,,
CAT,2023,4,option,2023-05-15,2023-05-22,205.1647,210.5655,4.2009,2023-07-10,244.7804,8W,15.11,,,,,,
COF,2023,2,option,2023-05-15,2023-05-22,94.2082,95.6916,2.548,2023-07-10,106.7546,8W,10.77,,,,,,
DVN,2023,6,option,2023-05-15,2023-05-22,44.1144,44.4732,3.1179,2023-07-10,44.4901,8W,-2.27,,,,,,
ELV,2023,6,option,2023-05-15,2023-05-22,437.0732,440.0176,2.1916,2023-07-10,419.4029,8W,-2.19,,,,,,
EMR,2023,4,option,2023-05-15,2023-05-22,78.5754,79.6684,1.9159,2023-07-10,87.5288,8W,9.48,,,,,,
GM,2023,3,option,2023-05-15,2023-05-22,31.7009,32.1467,5.2398,2023-07-10,38.8739,8W,17.39,,,,,,
GS,2023,2,option,2023-05-15,2023-05-22,303.0516,308.441,2.31,2023-07-10,305.3966,8W,-1.54,,,,,,
HON,2023,2,option,2023-05-15,2023-05-22,175.0796,177.9317,1.9159,2023-07-10,183.1561,8W,2.7,,,,,,
IBM,2023,3,option,2023-05-15,2023-05-22,116.5931,117.3156,1.9159,2023-07-10,121.9884,8W,2.71,,,,,,
JPM,2023,2,option,2023-05-15,2023-05-22,132.3588,131.8801,2.31,2023-07-10,141.5569,8W,4.64,,,,,,
MET,2023,3,option,2023-05-15,2023-05-22,47.4933,48.211,2.31,2023-07-10,53.5105,8W,10.36,,,,,,
PAYX,2023,5,option,2023-05-15,2023-05-22,99.819,100.2685,0.7378,2023-07-10,110.8835,8W,10.35,,,,,,
PH,2023,2,option,2023-05-15,2023-05-22,323.7941,331.2386,1.9159,2023-07-10,384.554,8W,16.85,,,,,,
PNC,2023,2,option,2023-05-15,2023-05-22,107.274,108.3608,2.31,2023-07-10,112.9772,8W,3.01,,,,,,
TFC,2023,2,option,2023-05-15,2023-05-22,25.9391,26.1556,4.3161,2023-07-10,28.6673,8W,6.2,,,,,,
USB,2023,2,option,2023-05-15,2023-05-22,26.8319,27.1394,2.31,2023-07-10,31.5083,8W,15.12,,,,,,
VLO,2023,2,option,2023-05-15,2023-05-22,101.0874,103.2695,2.5082,2023-07-10,104.5658,8W,0.93,,,,,,
DHR,2023,3,option,2023-05-22,2023-05-29,203.2499,203.9566,3.0871,2023-07-17,223.4752,8W,6.86,,,,,,
MS,2023,2,option,2023-05-22,2023-05-29,76.8976,77.3362,2.4667,2023-07-17,85.8976,8W,9.24,,,,,,
ODFL,2023,2,option,2023-05-22,2023-05-29,156.14,156.7495,3.0435,2023-07-17,194.1765,8W,21.32,,,,,,
AFL,2023,3,option,2023-05-29,2023-06-05,63.0554,62.9611,2.0381,2023-07-24,68.2299,8W,6.17,,,,,,
APD,2023,3,option,2023-05-29,2023-06-05,263.9133,262.5069,1.3065,2023-07-24,284.3039,8W,6.42,,,,,,
BMY,2023,5,option,2023-05-29,2023-06-05,57.9516,57.8549,1.9341,2023-07-24,54.483,8W,-1.93,,,,,,
C,2023,3,option,2023-05-29,2023-06-05,42.2195,42.511,3.7487,2023-07-24,43.1758,8W,-1.48,,,,,,
CARR,2023,4,option,2023-05-29,2023-06-05,41.9673,42.03,1.664,2023-07-24,57.039,8W,34.25,,,,,,
CI,2023,3,option,2023-05-29,2023-06-05,243.5386,244.4084,1.9035,2023-07-24,277.4973,8W,12.04,,,,,,
CVX,2023,4,option,2023-05-29,2023-06-05,140.9237,139.4117,2.1785,2023-07-24,141.2972,8W,-1.91,,,,,,
DE,2023,5,option,2023-05-29,2023-06-05,357.0688,357.9731,3.6486,2023-07-24,412.1217,8W,11.77,,,,,,
DOW,2023,2,option,2023-05-29,2023-06-05,43.8745,43.256,1.3065,2023-07-24,47.0745,8W,5.99,,,,,,
DVN,2023,7,option,2023-05-29,2023-06-05,44.4821,43.962,2.708,2023-07-24,48.2203,8W,5.7,,,,,,
ELV,2023,7,option,2023-05-29,2023-06-05,450.118,451.0042,1.9035,2023-07-24,446.4658,8W,-1.9,,,,,,
EMR,2023,5,option,2023-05-29,2023-06-05,78.9651,79.1077,1.664,2023-07-24,86.4643,8W,7.83,,,,,,
FCX,2023,2,option,2023-05-29,2023-06-05,36.055,36.1609,1.3065,2023-07-24,42.1601,8W,15.63,,,,,,
GD,2023,3,option,2023-05-29,2023-06-05,198.4335,198.1122,1.3065,2023-07-24,211.6859,8W,5.37,,,,,,
GILD,2023,2,option,2023-05-29,2023-06-05,70.2941,70.4477,1.9341,2023-07-24,70.0971,8W,-1.93,,,,,,
ITW,2023,3,option,2023-05-29,2023-06-05,214.2798,215.0769,1.664,2023-07-24,245.1233,8W,12.73,,,,,,
KMI,2023,3,option,2023-05-29,2023-06-05,14.6449,14.5755,2.708,2023-07-24,15.2254,8W,1.26,,,,,,
NOC,2023,3,option,2023-05-29,2023-06-05,427.1489,427.2827,1.3065,2023-07-24,429.7195,8W,-0.7,,,,,,
NUE,2023,2,option,2023-05-29,2023-06-05,135.4316,136.2673,1.3065,2023-07-24,162.7835,8W,18.89,,,,,,
OXY,2023,5,option,2023-05-29,2023-06-05,57.737,56.9771,2.1785,2023-07-24,59.1395,8W,0.25,,,,,,
PCAR,2023,3,option,2023-05-29,2023-06-05,66.0016,65.9298,3.6486,2023-07-24,76.6546,8W,12.49,,,,,,
SPG,2023,3,option,2023-05-29,2023-06-05,91.0622,91.4888,2.4755,2023-07-24,107.9992,8W,16.12,,,,,,
TJX,2023,2,option,2023-05-29,2023-06-05,75.124,75.6832,2.4755,2023-07-24,83.7443,8W,9.0,,,,,,
TT,2023,2,option,2023-05-29,2023-06-05,169.0788,167.9433,1.664,2023-07-24,193.3219,8W,12.67,,,,,,
WMB,2023,3,option,2023-05-29,2023-06-05,27.0037,26.9419,2.708,2023-07-24,30.4879,8W,10.19,,,,,,
ADI,2023,2,option,2023-06-05,2023-06-12,176.7274,177.5776,1.2376,2023-07-31,179.9276,8W,0.57,,,,,,
ALL,2023,3,option,2023-06-05,2023-06-12,105.3427,106.3597,1.9005,2023-07-31,103.4594,8W,-1.9,,,,,,
AMGN,2023,4,option,2023-06-05,2023-06-12,201.463,205.065,2.0935,2023-07-31,223.5435,8W,8.87,,,,,,
GS,2023,3,option,2023-06-05,2023-06-12,316.8658,316.304,1.9005,2023-07-31,330.7036,8W,2.47,,,,,,
O,2023,3,option,2023-06-05,2023-06-12,52.21,52.4586,1.2376,2023-07-31,50.9948,8W,-1.24,,,,,,
OKE,2023,2,option,2023-06-05,2023-06-12,51.5033,52.674,2.5652,2023-07-31,56.5851,8W,7.3,,,,,,
PGR,2023,2,option,2023-06-05,2023-06-12,119.6411,120.9027,1.9005,2023-07-31,115.7795,8W,-1.9,2023-08-21,122.66,2023-10-09,141.8754,8W,13.77
PM,2023,2,option,2023-06-05,2023-06-12,80.9841,81.1154,1.099,2023-07-31,85.3113,8W,4.24,,,,,,
A,2023,3,option,2023-06-12,2023-06-19,116.2275,120.6752,2.3287,2023-08-07,124.5177,8W,4.8,,,,,,
AMT,2023,2,option,2023-06-12,2023-06-19,175.8479,177.4764,1.5238,2023-08-07,171.736,8W,-1.52,,,,,,
BMY,2023,6,option,2023-06-12,2023-06-19,57.8901,58.2506,3.0157,2023-08-07,54.3233,8W,-3.02,,,,,,
CB,2023,2,option,2023-06-12,2023-06-19,188.1586,189.0781,2.2737,2023-08-07,195.6846,8W,1.73,,,,,,
ET,2023,3,option,2023-06-12,2023-06-19,10.2823,10.3304,2.7486,2023-08-07,10.2342,8W,-2.75,2023-08-21,10.7868,2023-10-09,11.3619,8W,2.58
IDXX,2023,2,option,2023-06-12,2023-06-19,475.94,488.47,2.3287,2023-08-07,505.51,8W,3.88,,,,,,
ODFL,2023,3,option,2023-06-12,2023-06-19,159.5536,165.2831,1.7538,2023-08-07,202.1948,8W,24.97,,,,,,
TXN,2023,2,option,2023-06-12,2023-06-19,161.0583,165.5603,3.4964,2023-08-07,154.087,8W,-3.5,,,,,,
WAT,2023,3,option,2023-06-12,2023-06-19,262.0,274.27,2.3287,2023-08-07,291.66,8W,8.99,,,,,,
ALL,2023,4,option,2023-06-26,2023-07-03,102.6119,103.4029,2.2821,2023-08-21,99.0054,8W,-2.28,,,,,,
CME,2023,2,option,2023-06-26,2023-07-03,163.7586,164.7751,2.0135,2023-08-21,179.6341,8W,7.68,,,,,,
CVX,2023,5,option,2023-06-26,2023-07-03,139.7941,140.4523,1.866,2023-08-21,142.8796,8W,0.34,,,,,,
DIS,2023,2,option,2023-06-26,2023-07-03,87.0696,87.5972,2.3704,2023-08-21,81.4421,8W,-2.37,,,,,,
DUK,2023,2,option,2023-06-26,2023-07-03,80.6428,81.892,1.5294,2023-08-21,82.3269,8W,0.56,,,,,,
EPD,2023,2,option,2023-06-26,2023-07-03,21.696,21.8112,2.7587,2023-08-21,22.0729,8W,-1.02,,,,,,
EXC,2023,2,option,2023-06-26,2023-07-03,36.6326,36.9302,1.5294,2023-08-21,36.6699,8W,-1.43,,,,,,
FANG,2023,2,option,2023-06-26,2023-07-03,118.5246,119.3443,2.7587,2023-08-21,135.4641,8W,11.53,,,,,,
MS,2023,3,option,2023-06-26,2023-07-03,78.8895,79.0266,2.2821,2023-08-21,76.742,8W,-2.28,2023-09-04,79.1581,2023-10-23,64.9199,8W,-2.28
NEE,2023,2,option,2023-06-26,2023-07-03,68.1072,68.9646,1.5294,2023-08-21,62.6582,8W,-1.53,,,,,,
NEM,2023,2,option,2023-06-26,2023-07-03,40.2044,40.2138,1.5294,2023-08-21,35.9447,8W,-1.53,,,,,,
O,2023,4,option,2023-06-26,2023-07-03,51.4512,51.867,1.5294,2023-08-21,48.4237,8W,-1.53,,,,,,
OKE,2023,3,option,2023-06-26,2023-07-03,53.6193,54.1656,2.7587,2023-08-21,57.1367,8W,3.8,,,,,,
OXY,2023,6,option,2023-06-26,2023-07-03,56.1577,56.634,1.866,2023-08-21,58.9109,8W,3.04,,,,,,
PCG,2023,2,option,2023-06-26,2023-07-03,16.9534,17.1709,1.5294,2023-08-21,16.5086,8W,-1.53,,,,,,
SBUX,2023,2,option,2023-06-26,2023-07-03,92.1309,92.8122,1.7603,2023-08-21,89.5733,8W,-1.76,,,,,,
SRE,2023,2,option,2023-06-26,2023-07-03,65.5426,66.6201,1.5294,2023-08-21,65.6015,8W,-1.44,,,,,,
XOM,2023,2,option,2023-06-26,2023-07-03,97.8956,98.2508,2.7587,2023-08-21,99.3959,8W,-1.23,,,,,,
YUM,2023,2,option,2023-06-26,2023-07-03,130.4475,131.6995,1.7603,2023-08-21,123.0587,8W,-1.76,,,,,,
ADI,2023,3,option,2023-07-10,2023-07-17,182.0579,190.5217,1.4424,2023-09-04,170.34,8W,-1.44,,,,,,
AMGN,2023,5,option,2023-07-10,2023-07-17,208.4648,210.1096,3.2532,2023-09-04,240.3148,8W,12.03,,,,,,
BKNG,2023,2,option,2023-07-10,2023-07-17,2804.8324,2815.1694,4.9697,2023-09-04,3085.46,8W,5.04,,,,,,
CME,2023,3,option,2023-07-10,2023-07-17,164.4127,165.0757,3.5788,2023-09-04,181.1987,8W,6.63,,,,,,
ET,2023,4,option,2023-07-10,2023-07-17,10.3866,10.4909,3.1627,2023-09-04,11.3044,8W,5.67,,,,,,
GILD,2023,3,option,2023-07-10,2023-07-17,69.9238,70.8085,3.419,2023-09-04,69.3128,8W,-3.42,,,,,,
MS,2023,4,option,2023-07-10,2023-07-17,78.2864,80.1413,2.3941,2023-09-04,78.3097,8W,-2.36,,,,,,
NEE,2023,3,option,2023-07-10,2023-07-17,67.2682,68.1625,1.4424,2023-09-04,62.0433,8W,-1.44,,,,,,
NKE,2023,2,option,2023-07-10,2023-07-17,101.667,103.4395,2.7652,2023-09-04,92.8876,8W,-2.77,,,,,,
PG,2023,2,option,2023-07-10,2023-07-17,139.4887,140.4022,2.2243,2023-09-04,143.4442,8W,0.61,,,,,,
REGN,2023,2,option,2023-07-10,2023-07-17,714.0561,725.9259,3.2532,2023-09-04,825.1157,8W,12.3,,,,,,
SBUX,2023,3,option,2023-07-10,2023-07-17,94.0906,95.369,1.5713,2023-09-04,89.3856,8W,-1.57,,,,,,
SRE,2023,3,option,2023-07-10,2023-07-17,67.875,68.558,1.4424,2023-09-04,65.3173,8W,-1.44,,,,,,
SYK,2023,2,option,2023-07-10,2023-07-17,294.3938,297.7038,2.6675,2023-09-04,282.7063,8W,-2.67,,,,,,
TMO,2023,2,option,2023-07-10,2023-07-17,521.8152,531.8584,2.2184,2023-09-04,513.8342,8W,-2.22,,,,,,
UNH,2023,2,option,2023-07-10,2023-07-17,455.4094,459.0917,3.3934,2023-09-04,455.0876,8W,-3.39,,,,,,
ZTS,2023,2,option,2023-07-10,2023-07-17,167.1025,167.9257,2.6675,2023-09-04,180.3418,8W,5.26,,,,,,
ALL,2023,5,option,2023-07-17,2023-07-24,104.6553,105.7853,2.4407,2023-09-11,103.2957,8W,-2.44,,,,,,
BMY,2023,7,option,2023-07-17,2023-07-24,57.4018,57.4817,3.4856,2023-09-11,52.3714,8W,-3.49,,,,,,
KMB,2023,2,option,2023-07-17,2023-07-24,123.3857,123.5474,2.2676,2023-09-11,113.3405,8W,-2.27,,,,,,
MRK,2023,2,option,2023-07-17,2023-07-24,101.0047,101.5833,2.5708,2023-09-11,98.7365,8W,-2.57,,,,,,
PGR,2023,3,option,2023-07-17,2023-07-24,113.7391,114.1783,2.4407,2023-09-11,126.9421,8W,9.17,,,,,,
T,2023,2,option,2023-07-17,2023-07-24,12.9202,12.9202,3.0498,2023-09-11,13.3135,8W,-0.01,,,,,,
TRV,2023,2,option,2023-07-17,2023-07-24,164.5495,167.69,2.4407,2023-09-11,157.8142,8W,-2.44,,,,,,
XOM,2023,3,option,2023-07-17,2023-07-24,95.045,95.0632,3.2244,2023-09-11,107.1548,8W,9.52,,,,,,
YUM,2023,3,option,2023-07-17,2023-07-24,131.1494,130.5803,1.6019,2023-09-11,121.9676,8W,-1.6,,,,,,
EL,2023,2,option,2023-07-24,2023-07-31,172.5721,172.1164,2.2226,2023-09-18,140.7256,8W,-2.22,,,,,,
LVS,2023,2,option,2023-07-24,2023-07-31,56.2513,56.6123,2.6143,2023-09-18,43.6452,8W,-2.61,,,,,,
CL,2023,2,option,2023-07-31,2023-08-07,72.1233,73.4345,2.8512,2023-09-25,67.0768,8W,-2.85,,,,,,
DIS,2023,3,option,2023-07-31,2023-08-07,84.6662,87.6655,3.3536,2023-09-25,79.1852,8W,-3.35,,,,,,
GILD,2023,4,option,2023-07-31,2023-08-07,71.4378,73.0885,4.3826,2023-09-25,69.0156,8W,-4.38,,,,,,
BMY,2023,8,option,2023-08-07,2023-08-14,54.4297,54.9621,1.72,2023-10-02,50.2688,8W,-1.72,,,,,,
GIS,2023,2,option,2023-08-07,2023-08-14,65.7369,66.6743,1.2046,2023-10-02,56.3266,8W,-1.2,,,,,,
MNST,2023,2,option,2023-08-07,2023-08-14,58.5,58.82,1.2046,2023-10-02,49.97,8W,-1.2,,,,,,
MRK,2023,3,option,2023-08-07,2023-08-14,99.1038,98.911,2.327,2023-10-02,96.0442,8W,-2.33,,,,,,
T,2023,3,option,2023-08-07,2023-08-14,12.5093,12.588,1.596,2023-10-02,12.6317,8W,-0.62,,,,,,
VZ,2023,2,option,2023-08-07,2023-08-14,28.0177,28.2118,1.596,2023-10-02,26.0423,8W,-1.6,,,,,,
APD,2023,3,option,2023-11-20,2023-11-27,258.0218,261.5759,1.6916,2024-01-15,247.2881,8W,-1.69,,,,,,
BDX,2023,2,option,2023-11-20,2023-11-27,178.7121,178.8919,1.0408,2024-01-15,177.3597,8W,-1.04,,,,,,
BIIB,2023,5,option,2023-11-20,2023-11-27,231.25,232.47,3.0316,2024-01-15,249.96,8W,5.06,,,,,,
EXC,2023,3,option,2023-11-20,2023-11-27,35.9939,36.0398,1.6916,2024-01-15,32.1823,8W,-1.69,,,,,,
LLY,2023,2,option,2023-11-20,2023-11-27,591.8619,595.4949,3.0316,2024-01-15,618.8476,8W,1.53,,,,,,
TJX,2023,2,option,2023-11-20,2023-11-27,87.1557,88.0204,2.7889,2024-01-15,92.7809,8W,3.67,,,,,,
DE,2023,3,option,2023-11-27,2023-12-04,353.8975,359.1554,2.6584,2024-01-22,382.5458,8W,5.44,,,,,,
DVN,2023,3,option,2023-11-27,2023-12-04,41.0018,42.2513,2.7235,2024-01-22,39.8491,8W,-2.72,,,,,,
CSCO,2023,2,option,2023-12-04,2023-12-11,45.9597,45.631,1.0443,2024-01-29,47.4909,8W,2.29,,,,,,
GOOG,2023,2,option,2023-12-04,2023-12-11,132.7303,138.86,2.0884,2024-01-29,142.3711,8W,5.18,,,,,,
GOOGL,2023,2,option,2023-12-04,2023-12-11,131.2949,137.4242,1.9625,2024-01-29,141.2129,8W,5.59,,,,,,
META,2023,3,option,2023-12-04,2023-12-11,326.8352,330.5758,2.7003,2024-01-29,471.2915,8W,41.5,,,,,,
NVDA,2023,4,option,2023-12-04,2023-12-11,47.462,47.7076,3.5454,2024-01-29,66.1196,8W,35.77,,,,,,
APD,2023,4,option,2023-12-11,2023-12-18,257.9087,257.739,1.219,2024-02-05,208.5781,8W,-1.22,,,,,,
BDX,2023,3,option,2023-12-11,2023-12-18,179.1867,182.9687,2.1708,2024-02-05,183.2694,8W,0.11,,,,,,
BRK-B,2023,2,option,2023-12-11,2023-12-18,357.42,364.05,1.5,2024-02-05,398.36,8W,9.95,,,,,,
DE,2023,4,option,2023-12-11,2023-12-18,374.5709,382.8014,2.5847,2024-02-05,370.5627,8W,-2.58,,,,,,
DVN,2023,4,option,2023-12-11,2023-12-18,42.6073,41.7919,2.6481,2024-02-05,38.8861,8W,-2.65,,,,,,
ODFL,2023,2,option,2023-12-11,2023-12-18,195.8199,196.3081,0.9433,2024-02-05,214.6883,8W,8.69,,,,,,
VLO,2023,2,option,2023-12-11,2023-12-18,122.2114,121.2938,2.4035,2024-02-05,134.971,8W,8.04,,,,,,
XOM,2023,2,option,2023-12-11,2023-12-18,94.634,94.6433,2.6481,2024-02-05,94.3004,8W,-2.65,,,,,,
GOOG,2023,3,option,2023-12-18,2023-12-25,141.8157,142.0835,2.2034,2024-02-12,140.6056,8W,-2.2,2024-02-26,142.2819,2024-04-15,154.452,8W,6.35
GOOGL,2023,3,option,2023-12-18,2023-12-25,140.4294,140.8261,2.0706,2024-02-12,139.3681,8W,-2.07,2024-02-26,140.9749,2024-04-15,152.8269,8W,6.34
HSY,2023,4,option,2023-12-18,2023-12-25,170.3704,172.09,1.3008,2024-02-12,178.6506,8W,3.56,,,,,,
TJX,2023,3,option,2023-12-18,2023-12-25,89.3028,89.3514,1.0009,2024-02-12,95.2486,8W,5.66,,,,,,
WMT,2023,2,option,2023-12-18,2023-12-25,51.0043,51.1671,1.0009,2024-02-12,55.4682,8W,7.75,,,,,,
EPD,2023,2,option,2023-12-25,2024-01-01,22.565,22.5308,2.5669,2024-02-19,24.102,8W,4.24,,,,,,
LLY,2024,3,option,2024-01-01,2024-01-08,612.7928,626.5563,3.6252,2024-02-26,771.3599,8W,22.25,,,,,,
AON,2024,3,option,2024-01-08,2024-01-15,295.4792,296.6423,2.5341,2024-03-04,312.8705,8W,3.35,,,,,,
CMCSA,2024,3,option,2024-01-08,2024-01-15,37.4761,38.2263,2.8509,2024-03-04,37.1446,8W,-2.85,,,,,,
GOOG,2024,4,option,2024-01-08,2024-01-15,142.2621,145.4658,2.5809,2024-03-04,135.1802,8W,-2.58,2024-03-25,149.7208,2024-05-13,175.8463,8W,14.87
GOOGL,2024,4,option,2024-01-08,2024-01-15,140.836,144.0296,2.9418,2024-03-04,134.3,8W,-2.94,2024-03-25,148.7109,2024-05-13,174.6168,8W,14.48
ORCL,2024,3,option,2024-01-08,2024-01-15,104.217,104.0976,2.5341,2024-03-04,110.1031,8W,3.11,,,,,,
CHTR,2024,2,option,2024-01-15,2024-01-22,371.1,372.21,2.9856,2024-03-11,290.65,8W,-2.99,,,,,,
CME,2024,2,option,2024-01-15,2024-01-22,185.1651,187.2529,2.3689,2024-03-11,200.2143,8W,5.76,,,,,,
APD,2024,5,option,2024-01-22,2024-01-29,248.4835,252.5348,1.1447,2024-03-18,224.5839,8W,-1.14,,,,,,
COP,2024,2,option,2024-01-22,2024-01-29,104.53,104.9126,3.1941,2024-03-18,115.6022,8W,7.4,,,,,,
CVX,2024,2,option,2024-01-22,2024-01-29,135.2766,135.4309,3.1941,2024-03-18,141.8618,8W,1.67,,,,,,
EXC,2024,2,option,2024-01-22,2024-01-29,32.118,32.4946,1.1447,2024-03-18,34.0681,8W,4.93,,,,,,
FANG,2024,2,option,2024-01-22,2024-01-29,144.2707,145.372,3.444,2024-03-18,183.2241,8W,23.56,,,,,,
ODFL,2024,3,option,2024-01-22,2024-01-29,192.2888,199.8786,1.5851,2024-03-18,217.7728,8W,11.67,,,,,,
OXY,2024,2,option,2024-01-22,2024-01-29,55.9174,55.994,3.1941,2024-03-18,61.3708,8W,6.56,,,,,,
WMB,2024,2,option,2024-01-22,2024-01-29,31.9818,32.0645,3.444,2024-03-18,35.5951,8W,7.85,,,,,,
XOM,2024,3,option,2024-01-22,2024-01-29,95.4216,95.5143,3.444,2024-03-18,106.1375,8W,7.79,,,,,,
CPRT,2024,2,option,2024-01-29,2024-02-05,50.0,50.24,1.6556,2024-03-25,57.92,8W,14.18,,,,,,
SBUX,2024,2,option,2024-01-29,2024-02-05,87.5186,92.7822,1.6556,2024-03-25,86.7261,8W,-1.66,,,,,,
AON,2024,4,option,2024-02-05,2024-02-12,309.7393,308.7318,1.6766,2024-04-01,315.083,8W,0.05,,,,,,
UNH,2024,2,option,2024-02-05,2024-02-12,494.1266,497.8834,2.0016,2024-04-01,436.2645,8W,-2.0,,,,,,
EXC,2024,3,option,2024-02-12,2024-02-19,32.0537,32.2742,1.2293,2024-04-08,33.8639,8W,4.42,,,,,,
AFL,2024,2,option,2024-02-19,2024-02-26,76.8025,76.757,1.2557,2024-04-15,79.8037,8W,2.65,,,,,,
APD,2024,6,option,2024-02-19,2024-02-26,218.303,221.3486,1.4792,2024-04-15,221.3855,8W,-0.07,,,,,,
CHTR,2024,3,option,2024-02-19,2024-02-26,298.65,302.0,1.3971,2024-04-15,265.21,8W,-1.4,,,,,,
FDX,2024,2,option,2024-02-19,2024-02-26,230.3535,233.5283,2.7189,2024-04-15,255.8287,8W,8.34,,,,,,
NOC,2024,2,option,2024-02-19,2024-02-26,447.2672,444.7531,1.4792,2024-04-15,447.5671,8W,-1.41,,,,,,
SBUX,2024,3,option,2024-02-19,2024-02-26,90.4935,91.9834,2.7189,2024-04-15,83.139,8W,-2.72,,,,,,
WMB,2024,3,option,2024-02-19,2024-02-26,32.0094,32.4227,3.1802,2024-04-15,35.837,8W,8.78,,,,,,
PM,2024,2,option,2024-03-04,2024-03-11,84.6997,84.7179,2.6306,2024-04-29,90.0251,8W,3.66,,,,,,
SO,2024,2,option,2024-03-04,2024-03-11,64.4956,65.0477,1.5857,2024-04-29,70.9807,8W,8.47,,,,,,
SRE,2024,2,option,2024-03-04,2024-03-11,66.0993,66.8915,1.5857,2024-04-29,68.5613,8W,2.14,,,,,,
UNH,2024,3,option,2024-03-11,2024-03-18,471.0707,474.8041,2.0999,2024-05-06,490.8957,8W,2.11,,,,,,
BIIB,2024,2,option,2024-03-18,2024-03-25,217.77,221.74,3.194,2024-05-13,230.57,8W,2.68,,,,,,
PCG,2024,2,option,2024-03-18,2024-03-25,16.3002,16.3694,1.3255,2024-05-13,18.4084,8W,11.61,,,,,,
TSLA,2024,2,option,2024-03-18,2024-03-25,168.76,178.18,6.4626,2024-05-13,177.46,8W,-1.31,,,,,,
AAPL,2024,2,option,2024-03-25,2024-04-01,169.6461,172.0343,2.7507,2024-05-20,188.522,8W,8.38,,,,,,
ADBE,2024,2,option,2024-03-25,2024-04-01,504.99,516.86,3.1067,2024-05-20,475.43,8W,-3.11,,,,,,
AMT,2024,2,option,2024-03-25,2024-04-01,183.6663,185.367,1.3204,2024-05-20,175.3031,8W,-1.32,,,,,,
O,2024,2,option,2024-03-25,2024-04-01,48.5532,48.4911,1.3204,2024-05-20,47.1311,8W,-1.32,,,,,,
SBUX,2024,4,option,2024-03-25,2024-04-01,87.1341,87.5327,1.647,2024-05-20,75.4129,8W,-1.65,,,,,,
SRE,2024,3,option,2024-03-25,2024-04-01,67.5364,67.6963,1.3204,2024-05-20,71.3067,8W,4.26,,,,,,
HUM,2024,2,option,2024-04-08,2024-04-15,306.5764,312.5587,2.5949,2024-06-03,342.2076,8W,9.03,,,,,,
NKE,2024,2,option,2024-04-08,2024-04-15,89.6261,88.9366,6.5178,2024-06-03,92.4607,8W,-3.36,,,,,,
BLK,2024,2,option,2024-06-10,2024-06-17,739.5762,754.3733,3.5677,2024-08-05,825.3706,8W,8.03,,,,,,
HLT,2024,2,option,2024-06-10,2024-06-17,209.1121,211.0741,1.8764,2024-08-05,205.4868,8W,-1.88,2024-08-19,211.841,2024-10-07,237.3333,8W,10.16
ICE,2024,2,option,2024-06-10,2024-06-17,132.2837,134.1318,2.3653,2024-08-05,151.0022,8W,11.78,,,,,,
IDXX,2024,3,option,2024-06-10,2024-06-17,500.16,521.52,3.1268,2024-08-05,482.84,8W,-3.13,,,,,,
INTU,2024,2,option,2024-06-10,2024-06-17,583.1045,595.7879,1.877,2024-08-05,623.8668,8W,5.11,,,,,,
MCD,2024,2,option,2024-06-10,2024-06-17,242.3037,246.1548,1.3978,2024-08-05,257.2952,8W,4.79,,,,,,
ODFL,2024,2,option,2024-06-10,2024-06-17,169.5884,176.3826,1.3978,2024-08-05,191.0984,8W,11.29,,,,,,
PANW,2024,2,option,2024-06-10,2024-06-17,158.005,162.245,2.2109,2024-08-05,165.74,8W,2.68,,,,,,
SHW,2024,2,option,2024-06-10,2024-06-17,291.8113,301.7518,0.6502,2024-08-05,340.5188,8W,16.04,,,,,,
SPGI,2024,3,option,2024-06-10,2024-06-17,426.5987,435.9934,4.0124,2024-08-05,482.0786,8W,8.99,,,,,,
AMD,2024,2,option,2024-06-17,2024-06-24,159.75,166.82,5.1585,2024-08-12,148.56,8W,-5.16,,,,,,
AME,2024,3,option,2024-06-17,2024-06-24,167.6457,169.1484,1.8401,2024-08-12,160.8438,8W,-1.84,,,,,,
AMZN,2024,3,option,2024-06-17,2024-06-24,189.33,189.28,1.9565,2024-08-12,177.06,8W,-1.96,,,,,,
CI,2024,2,option,2024-06-17,2024-06-24,330.7662,328.6781,3.1348,2024-08-12,330.9209,8W,-3.09,,,,,,
CMCSA,2024,3,option,2024-06-17,2024-06-24,33.6489,34.018,5.4407,2024-08-12,35.1029,8W,-1.12,,,,,,
CRM,2024,2,option,2024-06-17,2024-06-24,240.5845,242.7412,2.3053,2024-08-12,260.4981,8W,5.97,,,,,,
CSCO,2024,3,option,2024-06-17,2024-06-24,45.3122,45.6462,1.8401,2024-08-12,47.5962,8W,3.2,,,,,,
CSX,2024,3,option,2024-06-17,2024-06-24,32.6789,32.6692,1.3892,2024-08-12,32.562,8W,-1.39,,,,,,
CTSH,2024,2,option,2024-06-17,2024-06-24,66.2906,66.8443,4.1835,2024-08-12,73.6929,8W,6.98,,,,,,
DHI,2024,3,option,2024-06-17,2024-06-24,139.4538,140.9848,2.7328,2024-08-12,175.009,8W,22.76,,,,,,
EW,2024,3,option,2024-06-17,2024-06-24,90.9,90.97,2.1563,2024-08-12,68.92,8W,-2.16,,,,,,
GWW,2024,2,option,2024-06-17,2024-06-24,904.3973,914.6761,2.7328,2024-08-12,952.3412,8W,2.57,,,,,,
IQV,2024,2,option,2024-06-17,2024-06-24,217.23,217.15,3.2602,2024-08-12,239.63,8W,7.05,,,,,,
ITW,2024,2,option,2024-06-17,2024-06-24,231.3717,233.8065,1.8401,2024-08-12,233.294,8W,-1.01,,,,,,
JNJ,2024,3,option,2024-06-17,2024-06-24,141.5906,141.6666,0.9867,2024-08-12,151.4639,8W,5.99,,,,,,
MA,2024,3,option,2024-06-17,2024-06-24,450.3859,450.7522,2.1479,2024-08-12,464.8841,8W,1.07,,,,,,
MET,2024,2,option,2024-06-17,2024-06-24,68.1629,67.8682,2.5668,2024-08-12,69.9979,8W,0.13,,,,,,
MRK,2024,3,option,2024-06-17,2024-06-24,123.7584,122.9568,1.2247,2024-08-12,107.1655,8W,-1.22,,,,,,
NSC,2024,2,option,2024-06-17,2024-06-24,217.1949,217.2817,1.3892,2024-08-12,233.1083,8W,5.94,,,,,,
TRV,2024,2,option,2024-06-17,2024-06-24,203.8963,207.3568,2.5668,2024-08-12,210.5159,8W,0.68,,,,,,
UNP,2024,2,option,2024-06-17,2024-06-24,217.8044,217.7467,1.3892,2024-08-12,234.9762,8W,6.49,,,,,,
USB,2024,2,option,2024-06-17,2024-06-24,36.9309,36.8938,2.5668,2024-08-12,40.486,8W,7.06,,,,,,
V,2024,3,option,2024-06-17,2024-06-24,271.7531,274.4379,1.783,2024-08-12,264.4452,8W,-1.78,,,,,,
CCI,2024,2,option,2024-06-24,2024-07-01,88.4406,90.1647,1.3092,2024-08-19,102.5163,8W,14.61,,,,,,
CME,2024,2,option,2024-06-24,2024-07-01,182.9585,182.7826,2.3242,2024-08-19,191.6889,8W,2.45,,,,,,
COF,2024,2,option,2024-06-24,2024-07-01,135.4825,135.785,2.0242,2024-08-19,139.7551,8W,1.13,,,,,,
FTNT,2024,3,option,2024-06-24,2024-07-01,60.43,60.84,2.1725,2024-08-19,74.73,8W,21.49,,,,,,
MNST,2024,3,option,2024-06-24,2024-07-01,50.04,50.89,2.3503,2024-08-19,46.65,8W,-2.35,,,,,,
SPG,2024,2,option,2024-06-24,2024-07-01,138.3143,139.9768,1.3735,2024-08-19,152.9375,8W,9.2,,,,,,
VZ,2024,3,option,2024-06-24,2024-07-01,36.9017,37.0888,5.1274,2024-08-19,37.3155,8W,-4.01,,,,,,
BRK-B,2024,3,option,2024-07-01,2024-07-08,411.27,411.4,2.4268,2024-08-26,475.92,8W,13.29,,,,,,
CTAS,2024,2,option,2024-07-01,2024-07-08,175.6786,175.7008,3.9553,2024-08-26,198.8302,8W,9.22,,,,,,
MA,2024,4,option,2024-07-01,2024-07-08,444.7923,445.4556,2.0307,2024-08-26,479.2209,8W,5.71,,,,,,
NSC,2024,3,option,2024-07-01,2024-07-08,205.5089,209.6453,1.3135,2024-08-26,248.349,8W,19.53,,,,,,
PH,2024,2,option,2024-07-01,2024-07-08,499.3031,507.6034,1.7397,2024-08-26,590.2617,8W,16.48,,,,,,
V,2024,4,option,2024-07-01,2024-07-08,266.7487,267.0449,1.6858,2024-08-26,273.3365,8W,0.78,,,,,,
ABBV,2024,3,option,2024-07-08,2024-07-15,159.1562,161.7191,2.8105,2024-09-02,183.906,8W,12.74,,,,,,
BMY,2024,2,option,2024-07-08,2024-07-15,37.8305,38.7895,2.8105,2024-09-02,45.3444,8W,17.05,,,,,,
CI,2024,3,option,2024-07-08,2024-07-15,325.3914,324.4343,3.5267,2024-09-02,341.7189,8W,1.49,,,,,,
CMCSA,2024,4,option,2024-07-08,2024-07-15,33.8891,33.9688,3.0089,2024-09-02,35.094,8W,0.55,,,,,,
COF,2024,3,option,2024-07-08,2024-07-15,137.4542,136.1364,2.3598,2024-09-02,136.2842,8W,-2.36,2024-09-16,136.1862,2024-11-04,181.5914,8W,30.98
DHI,2024,4,option,2024-07-08,2024-07-15,151.1134,152.4678,2.4633,2024-09-02,182.9916,8W,18.63,,,,,,
DIS,2024,2,option,2024-07-08,2024-07-15,95.8407,96.3416,2.3437,2024-09-02,86.5944,8W,-2.34,,,,,,
HD,2024,3,option,2024-07-08,2024-07-15,344.1631,348.7726,2.4633,2024-09-02,347.1308,8W,-1.6,,,,,,
IDXX,2024,4,option,2024-07-08,2024-07-15,490.8,500.23,3.0365,2024-09-02,472.35,8W,-3.04,,,,,,
IQV,2024,3,option,2024-07-08,2024-07-15,224.05,224.97,3.0365,2024-09-02,243.07,8W,5.45,,,,,,
LEN,2024,2,option,2024-07-08,2024-07-15,151.2326,152.6122,2.4633,2024-09-02,169.5461,8W,9.65,,,,,,
LOW,2024,2,option,2024-07-08,2024-07-15,226.3172,230.2438,2.4633,2024-09-02,236.9485,8W,2.23,,,,,,
MET,2024,3,option,2024-07-08,2024-07-15,69.9024,70.1305,2.6517,2024-09-02,70.9849,8W,-1.1,,,,,,
MRK,2024,4,option,2024-07-08,2024-07-15,120.6755,122.495,1.9162,2024-09-02,111.0969,8W,-1.92,,,,,,
PCAR,2024,3,option,2024-07-08,2024-07-15,97.0299,98.0914,2.4633,2024-09-02,87.8798,8W,-2.46,,,,,,
SPG,2024,3,option,2024-07-08,2024-07-15,137.6897,138.9756,2.015,2024-09-02,151.1004,8W,7.72,,,,,,
SYK,2024,2,option,2024-07-08,2024-07-15,333.907,336.3334,1.9248,2024-09-02,354.0186,8W,4.1,,,,,,
SYY,2024,2,option,2024-07-08,2024-07-15,68.8223,69.4845,2.015,2024-09-02,75.4156,8W,7.57,,,,,,
TRV,2024,3,option,2024-07-08,2024-07-15,206.3944,206.8708,2.6517,2024-09-02,227.9058,8W,7.77,,,,,,
ADP,2024,2,option,2024-07-15,2024-07-22,239.3136,241.8204,1.3856,2024-09-09,266.5326,8W,9.99,,,,,,
MA,2024,5,option,2024-07-15,2024-07-22,441.6141,451.5487,3.1287,2024-09-09,489.1555,8W,7.64,,,,,,
MDT,2024,3,option,2024-07-15,2024-07-22,75.2434,79.1025,2.5519,2024-09-09,85.1277,8W,10.58,,,,,,
SBUX,2024,7,option,2024-07-15,2024-07-22,74.8965,75.9005,2.6715,2024-09-09,94.819,8W,23.93,,,,,,
XOM,2024,2,option,2024-07-15,2024-07-22,108.593,113.0619,3.2495,2024-09-09,105.6371,8W,-3.25,,,,,,
ABT,2024,3,option,2024-07-22,2024-07-29,97.7611,105.6528,2.5319,2024-09-16,110.5025,8W,10.5,,,,,,
AIG,2024,2,option,2024-07-22,2024-07-29,74.6746,74.7997,3.4881,2024-09-16,71.0068,8W,-3.49,,,,,,
ELV,2024,2,option,2024-07-22,2024-07-29,510.3167,517.1905,4.6391,2024-09-16,524.2224,8W,-1.91,,,,,,
TRV,2024,4,option,2024-07-22,2024-07-29,208.0178,208.9606,3.4881,2024-09-16,232.8762,8W,8.46,,,,,,
VLO,2024,2,option,2024-07-22,2024-07-29,151.1808,152.1498,3.6099,2024-09-16,128.5859,8W,-3.61,,,,,,
VLO,2024,5,option,2024-09-23,2024-09-30,129.6952,134.1134,4.1131,2024-11-18,134.7541,8W,-0.21,,,,,,
WM,2024,4,option,2024-09-23,2024-09-30,200.8332,204.4328,1.5587,2024-11-18,219.506,8W,7.74,,,,,,
EPD,2024,3,option,2024-09-30,2024-10-07,26.8667,26.9569,2.5153,2024-11-25,31.6399,8W,15.25,,,,,,
ET,2024,4,option,2024-09-30,2024-10-07,14.5831,14.7083,2.5153,2024-11-25,18.1039,8W,21.63,,,,,,
FANG,2024,5,option,2024-09-30,2024-10-07,188.4727,188.088,2.5153,2024-11-25,171.6611,8W,-2.52,,,,,,
APH,2024,3,option,2024-10-07,2024-10-14,65.3323,64.9469,4.2557,2024-12-02,73.337,8W,8.0,,,,,,
BIIB,2024,3,option,2024-10-07,2024-10-14,188.59,189.43,3.6163,2024-12-02,157.78,8W,-3.62,,,,,,
ECL,2024,4,option,2024-10-07,2024-10-14,250.6371,254.0241,3.2377,2024-12-02,246.4821,8W,-3.24,,,,,,
GS,2024,2,option,2024-10-07,2024-10-14,502.1535,502.4639,3.3862,2024-12-02,581.7278,8W,12.46,,,,,,
ROP,2024,2,option,2024-10-07,2024-10-14,549.5676,547.0381,2.8004,2024-12-02,546.7011,8W,-2.8,,,,,,
TEL,2024,3,option,2024-10-07,2024-10-14,144.0453,145.3104,4.2557,2024-12-02,150.107,8W,-0.05,,,,,,
VRTX,2024,2,option,2024-10-07,2024-10-14,481.64,482.89,3.6163,2024-12-02,462.1,8W,-3.62,,,,,,
GD,2024,4,option,2024-10-14,2024-10-21,301.6758,303.0909,1.3723,2024-12-09,256.7655,8W,-1.37,,,,,,
MRK,2024,6,option,2024-10-14,2024-10-21,103.5262,105.8989,2.2435,2024-12-09,96.8067,8W,-2.24,,,,,,
MSFT,2024,3,option,2024-10-14,2024-10-21,411.3089,419.1373,2.4678,2024-12-09,442.9836,8W,5.23,,,,,,
ADI,2024,3,option,2024-10-21,2024-10-28,223.7616,229.6894,1.5474,2024-12-16,207.6938,8W,-1.55,,,,,,
LRCX,2024,3,option,2024-10-21,2024-10-28,76.1444,78.542,5.3632,2024-12-16,71.0534,8W,-5.36,,,,,,
OXY,2024,4,option,2024-10-21,2024-10-28,48.9563,51.0018,2.2028,2024-12-16,45.8965,8W,-2.2,,,,,,
TXN,2024,2,option,2024-10-21,2024-10-28,197.2854,202.0844,5.2791,2024-12-16,179.8199,8W,-5.28,,,,,,
C,2024,4,option,2024-10-28,2024-11-04,60.4359,62.585,3.4864,2024-12-23,68.7252,8W,10.23,,,,,,
CDNS,2024,3,option,2024-10-28,2024-11-04,284.52,290.2,3.4695,2024-12-23,305.03,8W,3.74,,,,,,
INTU,2024,5,option,2024-10-28,2024-11-04,617.7727,624.1883,2.9915,2024-12-23,633.2121,8W,-0.49,,,,,,
WM,2024,5,option,2024-10-28,2024-11-04,210.9668,215.075,3.5347,2024-12-23,200.2318,8W,-3.53,2025-02-03,214.8454,2025-03-24,224.5179,8W,0.97
AMAT,2024,3,option,2024-11-04,2024-11-11,189.7207,191.7135,5.1736,2024-12-30,168.1648,8W,-5.17,,,,,,
EPD,2024,4,option,2024-11-04,2024-11-11,27.9916,27.9916,2.3449,2024-12-30,29.2506,8W,2.15,,,,,,
F,2024,3,option,2024-11-04,2024-11-11,10.1959,10.2046,4.9149,2024-12-30,9.0999,8W,-4.91,,,,,,
FANG,2024,6,option,2024-11-04,2024-11-11,175.0166,178.7004,2.3449,2024-12-30,165.2524,8W,-2.34,,,,,,
GD,2024,5,option,2024-11-04,2024-11-11,304.5547,302.7396,1.2998,2024-12-30,257.0193,8W,-1.3,,,,,,
IQV,2024,2,option,2024-11-04,2024-11-11,219.55,225.91,1.3157,2024-12-30,197.39,8W,-1.32,,,,,,
KLAC,2024,3,option,2024-11-04,2024-11-11,675.4491,685.6796,5.1736,2024-12-30,650.5965,8W,-5.17,,,,,,
MCO,2024,2,option,2024-11-04,2024-11-11,473.3184,473.8521,1.3001,2024-12-30,474.4984,8W,-1.05,,,,,,
MRK,2024,7,option,2024-11-04,2024-11-11,97.3097,97.974,2.3684,2024-12-30,94.8455,8W,-2.37,,,,,,
MSFT,2024,4,option,2024-11-04,2024-11-11,417.6349,421.9149,2.369,2024-12-30,419.2929,8W,-1.97,,,,,,
OXY,2024,5,option,2024-11-04,2024-11-11,48.7721,50.3813,2.4783,2024-12-30,49.1881,8W,-1.63,,,,,,
ROP,2024,3,option,2024-11-04,2024-11-11,563.1259,570.3068,2.369,2024-12-30,510.4396,8W,-2.37,,,,,,
TFC,2024,2,option,2024-11-04,2024-11-11,43.3018,43.8684,2.3805,2024-12-30,41.6037,8W,-2.38,2025-01-20,45.2829,2025-03-10,38.6876,8W,-2.38
TJX,2024,2,option,2024-11-04,2024-11-11,116.073,116.4658,2.4135,2024-12-30,118.9156,8W,0.04,,,,,,
VLO,2024,6,option,2024-11-04,2024-11-11,130.642,133.7691,2.4783,2024-12-30,119.7337,8W,-2.48,,,,,,
VRTX,2024,3,option,2024-11-04,2024-11-11,518.27,519.88,3.0864,2024-12-30,407.11,8W,-3.09,,,,,,
AAPL,2024,2,option,2024-11-18,2024-11-25,230.2025,229.4665,2.479,2025-01-13,228.7305,8W,-2.48,2025-02-03,228.7405,2025-03-24,216.9544,8W,-2.48
COST,2024,2,option,2024-11-18,2024-11-25,968.6154,969.9069,1.7571,2025-01-13,937.0137,8W,-1.76,2025-02-03,966.0226,2025-03-24,924.5928,8W,-1.76
ELV,2024,2,option,2024-11-18,2024-11-25,392.7541,394.9487,2.032,2025-01-13,375.66,8W,-2.03,,,,,,
FANG,2024,7,option,2024-11-18,2024-11-25,178.3307,179.858,2.392,2025-01-13,174.1646,8W,-2.39,,,,,,
KLAC,2024,4,option,2024-11-18,2024-11-25,640.3772,634.9913,5.2774,2025-01-13,750.0758,8W,11.85,,,,,,
KMB,2024,2,option,2024-11-18,2024-11-25,130.8142,130.833,2.0217,2025-01-13,120.7252,8W,-2.02,,,,,,
LRCX,2024,4,option,2024-11-18,2024-11-25,73.0264,72.4738,5.2774,2025-01-13,79.4761,8W,3.55,,,,,,
MCO,2024,3,option,2024-11-18,2024-11-25,479.4597,477.6877,1.3262,2025-01-13,471.2304,8W,-1.33,2025-01-27,482.589,2025-03-17,455.8846,8W,-1.33
MRK,2024,8,option,2024-11-18,2024-11-25,94.9939,96.6073,2.416,2025-01-13,93.6783,8W,-2.42,,,,,,
MSFT,2024,5,option,2024-11-18,2024-11-25,414.3705,414.9266,2.4166,2025-01-13,424.9185,8W,0.13,,,,,,
NXPI,2024,3,option,2024-11-18,2024-11-25,223.5161,220.6874,3.4827,2025-01-13,210.2968,8W,-3.48,,,,,,
PGR,2024,2,option,2024-11-18,2024-11-25,244.4361,245.2746,1.8792,2025-01-13,228.8636,8W,-1.88,2025-02-17,247.1216,2025-04-07,258.9724,8W,2.92
ROST,2024,2,option,2024-11-18,2024-11-25,146.5386,153.0763,2.462,2025-01-13,147.2003,8W,-2.01,,,,,,
UNP,2024,2,option,2024-11-18,2024-11-25,235.1927,234.4295,1.3259,2025-01-13,227.6109,8W,-1.33,,,,,,
ADI,2024,4,option,2024-11-25,2024-12-02,213.0193,228.078,1.3041,2025-01-20,213.1759,8W,-1.23,,,,,,
AMAT,2024,4,option,2024-11-25,2024-12-02,173.5244,176.4415,4.8599,2025-01-20,184.6688,8W,1.56,,,,,,
BIIB,2024,4,option,2024-11-25,2024-12-02,160.16,161.67,5.0442,2025-01-20,146.2,8W,-5.04,,,,,,
CB,2024,2,option,2024-11-25,2024-12-02,286.3188,289.0339,2.1035,2025-01-20,264.1876,8W,-2.1,,,,,,
DHR,2024,2,option,2024-11-25,2024-12-02,237.1322,239.3113,1.1377,2025-01-20,243.746,8W,1.65,,,,,,
GE,2024,2,option,2024-11-25,2024-12-02,179.2221,183.316,1.3041,2025-01-20,195.3506,8W,7.7,,,,,,
IQV,2024,3,option,2024-11-25,2024-12-02,201.55,206.96,1.1377,2025-01-20,204.33,8W,0.24,,,,,,
LLY,2024,2,option,2024-11-25,2024-12-02,790.8811,799.6906,5.0442,2025-01-20,778.296,8W,-5.04,2025-02-03,796.9853,2025-03-24,816.4648,8W,-2.6
MCHP,2024,3,option,2024-11-25,2024-12-02,65.524,68.5212,4.236,2025-01-20,54.3447,8W,-4.24,,,,,,
MMM,2024,2,option,2024-11-25,2024-12-02,130.4702,132.4439,1.517,2025-01-20,146.0059,8W,10.39,,,,,,
QCOM,2024,3,option,2024-11-25,2024-12-02,153.1231,156.1588,4.236,2025-01-20,167.2678,8W,5.0,,,,,,
UNH,2024,2,option,2024-11-25,2024-12-02,592.348,595.6763,2.7424,2025-01-20,515.702,8W,-2.74,,,,,,
VRTX,2024,4,option,2024-11-25,2024-12-02,467.48,470.93,5.0442,2025-01-20,439.62,8W,-5.04,,,,,,
MU,2024,2,option,2024-12-02,2024-12-09,100.149,103.7311,4.5937,2025-01-27,90.9038,8W,-4.59,,,,,,
DHR,2024,3,option,2024-12-09,2024-12-16,232.5364,235.4583,1.163,2025-02-03,205.0322,8W,-1.16,,,,,,
PEP,2024,2,option,2024-12-09,2024-12-16,150.4404,153.9191,2.4205,2025-02-03,137.7933,8W,-2.42,,,,,,
VRTX,2024,5,option,2024-12-09,2024-12-16,463.37,476.46,5.1562,2025-02-03,469.32,8W,-3.87,,,,,,
ABBV,2024,2,option,2024-12-16,2024-12-23,168.0161,169.4635,2.8736,2025-02-10,186.6099,8W,8.19,,,,,,
BIIB,2024,5,option,2024-12-16,2024-12-23,146.0,154.24,6.8551,2025-02-10,137.33,8W,-6.86,,,,,,
TDG,2024,2,option,2024-12-16,2024-12-23,1187.9269,1210.1676,2.5709,2025-02-10,1229.6387,8W,0.94,,,,,,
AFL,2025,2,option,2025-05-12,2025-05-19,104.5923,104.7293,2.5732,2025-07-07,99.9635,8W,-2.57,,,,,,
BDX,2025,4,option,2025-05-12,2025-05-19,134.1355,136.5704,2.3136,2025-07-07,135.9801,8W,-0.94,,,,,,
COP,2025,2,option,2025-05-12,2025-05-19,88.7115,91.9312,2.4206,2025-07-07,93.2304,8W,2.67,,,,,,
FTNT,2025,2,option,2025-05-12,2025-05-19,103.56,105.97,6.1777,2025-07-07,99.06,8W,-6.18,,,,,,
MPLX,2025,2,option,2025-05-12,2025-05-19,48.8463,49.3646,3.1083,2025-07-07,47.7436,8W,-3.11,,,,,,
PEG,2025,5,option,2025-05-12,2025-05-19,76.2598,77.0542,1.7541,2025-07-07,80.6033,8W,3.94,,,,,,
PG,2025,2,option,2025-05-12,2025-05-19,160.0955,160.0563,1.7088,2025-07-07,153.808,8W,-1.71,,,,,,
TMO,2025,2,option,2025-05-12,2025-05-19,406.7334,433.3853,9.0118,2025-07-07,433.7148,8W,-2.38,,,,,,
WMB,2025,4,option,2025-05-12,2025-05-19,56.4607,57.2741,3.1083,2025-07-07,56.8467,8W,-2.42,,,,,,
BMY,2025,2,option,2025-05-19,2025-05-26,45.4461,46.4372,5.3245,2025-07-14,46.1722,8W,-3.73,,,,,,
MRK,2025,2,option,2025-05-19,2025-05-26,75.2851,76.4045,4.6832,2025-07-14,77.9297,8W,-1.17,,,,,,
AAPL,2025,4,option,2025-05-26,2025-06-02,199.6724,203.1917,3.1388,2025-07-21,213.2311,8W,3.65,,,,,,
ABBV,2025,2,option,2025-05-26,2025-06-02,181.3624,182.3584,4.4359,2025-07-21,187.4102,8W,-1.1,,,,,,
MDT,2025,2,option,2025-05-26,2025-06-02,79.8618,80.705,2.492,2025-07-21,90.8254,8W,11.24,,,,,,
SPG,2025,2,option,2025-05-26,2025-06-02,154.4408,156.8318,4.4288,2025-07-21,161.2739,8W,-0.0,,,,,,
WELL,2025,2,option,2025-05-26,2025-06-02,151.3949,153.0847,1.8894,2025-07-21,159.6564,8W,3.57,,,,,,
AFL,2025,3,option,2025-06-02,2025-06-09,101.7744,102.7094,2.503,2025-07-28,96.5385,8W,-2.5,,,,,,
COP,2025,3,option,2025-06-02,2025-06-09,85.6148,86.6581,2.3546,2025-07-28,90.4513,8W,3.29,,,,,,
CRM,2025,3,option,2025-06-02,2025-06-09,271.5062,273.5461,6.0093,2025-07-28,249.9008,8W,-6.01,,,,,,
EPD,2025,3,option,2025-06-02,2025-06-09,30.1006,30.0721,3.0236,2025-07-28,29.2075,8W,-3.02,,,,,,
FTNT,2025,3,option,2025-06-02,2025-06-09,104.73,105.2,6.0093,2025-07-28,97.36,8W,-6.01,,,,,,
XOM,2025,3,option,2025-06-02,2025-06-09,101.7933,102.369,3.0236,2025-07-28,106.9742,8W,2.07,,,,,,
ABT,2025,2,option,2025-06-09,2025-06-16,133.6796,135.1588,2.794,2025-08-04,133.0117,8W,-2.79,,,,,,
SO,2025,2,option,2025-06-09,2025-06-16,88.42,88.9179,2.1183,2025-08-04,92.4524,8W,2.44,,,,,,
AFL,2025,4,option,2025-06-16,2025-06-23,101.6169,102.0893,3.0777,2025-08-11,103.7132,8W,-1.01,,,,,,
KMI,2025,3,option,2025-06-16,2025-06-23,27.347,27.2889,3.7177,2025-08-11,26.1182,8W,-3.72,,,,,,
MSI,2025,6,option,2025-06-16,2025-06-23,403.9033,408.9515,5.0197,2025-08-11,456.5384,8W,8.01,,,,,,
SPG,2025,3,option,2025-06-16,2025-06-23,152.0864,154.142,4.9177,2025-08-11,167.2285,8W,5.04,,,,,,
WMB,2025,5,option,2025-06-16,2025-06-23,59.4244,59.2291,3.7177,2025-08-11,56.1046,8W,-3.72,,,,,,
AON,2025,2,option,2025-06-23,2025-06-30,351.5721,360.713,2.2317,2025-08-18,375.1,8W,4.46,,,,,,
CRM,2025,4,option,2025-06-23,2025-06-30,273.5414,273.2524,5.848,2025-08-18,247.459,8W,-5.85,,,,,,
ELV,2025,2,option,2025-06-23,2025-06-30,374.6895,375.7515,3.8161,2025-08-18,311.2987,8W,-3.82,,,,,,
FTNT,2025,4,option,2025-06-23,2025-06-30,103.9,105.79,5.848,2025-08-18,80.02,8W,-5.85,,,,,,
GILD,2025,2,option,2025-06-23,2025-06-30,108.5102,109.8738,3.8984,2025-08-18,112.5912,8W,-0.14,,,,,,
LLY,2025,2,option,2025-06-23,2025-06-30,774.4021,798.2347,4.8666,2025-08-18,709.4522,8W,-4.87,,,,,,
LOW,2025,5,option,2025-06-23,2025-06-30,220.8025,221.9357,3.6175,2025-08-18,261.2664,8W,14.71,,,,,,
MMM,2025,2,option,2025-06-23,2025-06-30,150.2569,150.839,1.6176,2025-08-18,156.6113,8W,2.61,,,,,,
SO,2025,3,option,2025-06-23,2025-06-30,88.4493,89.1425,1.6605,2025-08-18,92.2473,8W,2.63,,,,,,
TMUS,2025,2,option,2025-06-23,2025-06-30,231.4018,233.2275,3.0305,2025-08-18,248.6319,8W,4.42,,,,,,
VRTX,2025,2,option,2025-06-23,2025-06-30,440.45,451.88,4.8666,2025-08-18,395.12,8W,-4.87,,,,,,
ABBV,2025,3,option,2025-06-30,2025-07-07,184.9852,188.0611,3.9127,2025-08-25,207.2268,8W,8.11,,,,,,
EPD,2025,4,option,2025-06-30,2025-07-07,29.9296,29.9676,2.9533,2025-08-25,31.076,8W,0.88,,,,,,
JNJ,2025,2,option,2025-06-30,2025-07-07,153.0921,154.7896,2.4448,2025-08-25,173.8452,8W,11.11,,,,,,
KDP,2025,2,option,2025-06-30,2025-07-07,32.9224,33.1855,2.2383,2025-08-25,28.3431,8W,-2.24,,,,,,
KR,2025,2,option,2025-07-07,2025-07-14,69.7778,70.3785,2.2611,2025-09-01,67.0543,8W,-2.26,,,,,,
WELL,2025,3,option,2025-07-07,2025-07-14,153.5195,153.6876,1.7511,2025-09-01,166.5762,8W,6.75,,,,,,
FTNT,2025,5,option,2025-07-14,2025-07-21,105.16,106.57,3.5581,2025-09-08,79.68,8W,-3.56,,,,,,
TMUS,2025,3,option,2025-07-14,2025-07-21,226.8032,226.6157,3.2042,2025-09-08,239.3773,8W,2.34,,,,,,
AFL,2025,5,option,2025-07-21,2025-07-28,101.3709,101.8925,2.2284,2025-09-15,106.9113,8W,3.24,,,,,,
BRK-B,2025,2,option,2025-07-21,2025-07-28,484.35,486.17,2.5902,2025-09-15,492.85,8W,-0.84,,,,,,
BSX,2025,2,option,2025-07-21,2025-07-28,106.33,108.94,3.2583,2025-09-15,97.83,8W,-3.26,,,,,,
CPRT,2025,2,option,2025-07-21,2025-07-28,46.81,46.93,2.0585,2025-09-15,45.85,8W,-2.06,,,,,,
EPD,2025,5,option,2025-07-21,2025-07-28,30.2146,30.3477,2.8183,2025-09-15,30.6409,8W,-1.41,,,,,,
GILD,2025,3,option,2025-07-21,2025-07-28,111.2374,115.3675,3.8262,2025-09-15,111.9241,8W,-3.21,,,,,,
MA,2025,2,option,2025-07-21,2025-07-28,565.7721,568.3548,2.6386,2025-09-15,582.5148,8W,0.32,,,,,,
MO,2025,2,option,2025-07-21,2025-07-28,56.7914,56.9625,2.25,2025-09-15,61.6769,8W,6.35,,,,,,
MPLX,2025,3,option,2025-07-21,2025-07-28,48.1677,48.5541,2.8183,2025-09-15,48.3304,8W,-2.48,,,,,,
PG,2025,2,option,2025-07-21,2025-07-28,155.4318,156.8024,2.6346,2025-09-15,153.864,8W,-2.63,,,,,,
ROP,2025,2,option,2025-07-21,2025-07-28,559.5426,564.1455,3.1565,2025-09-15,502.7534,8W,-3.16,,,,,,
T,2025,2,option,2025-07-21,2025-07-28,27.3123,27.723,2.9153,2025-09-15,28.3684,8W,0.95,,,,,,
TJX,2025,2,option,2025-07-21,2025-07-28,125.223,125.9168,2.0585,2025-09-15,138.9846,8W,8.93,,,,,,
V,2025,2,option,2025-07-21,2025-07-28,354.3201,355.5827,2.5893,2025-09-15,340.2331,8W,-2.59,,,,,,
VZ,2025,2,option,2025-07-21,2025-07-28,41.5717,42.0259,2.9153,2025-09-15,42.0162,8W,-1.85,,,,,,
WMT,2025,2,option,2025-07-21,2025-07-28,96.6575,97.0251,2.0585,2025-09-15,101.9127,8W,3.38,,,,,,
KMB,2025,2,option,2025-07-28,2025-08-04,126.9488,129.9737,3.5963,2025-09-22,119.289,8W,-3.6,,,,,,
ABT,2025,3,option,2025-08-04,2025-08-11,132.8137,133.4377,0.5313,2025-09-29,133.3188,8W,-0.15,,,,,,
ADP,2025,2,option,2025-08-04,2025-08-11,298.7694,300.7987,1.5442,2025-09-29,287.0672,8W,-1.54,,,,,,
AFL,2025,6,option,2025-08-04,2025-08-11,102.3058,102.1582,1.847,2025-09-29,111.1466,8W,6.79,,,,,,
AON,2025,3,option,2025-08-04,2025-08-11,366.95,367.01,2.8031,2025-09-29,363.81,8W,-2.8,,,,,,
BMY,2025,3,option,2025-08-04,2025-08-11,44.8854,44.9341,2.1597,2025-09-29,44.3102,8W,-2.16,,,,,,
ELV,2025,3,option,2025-08-04,2025-08-11,290.0964,290.2833,4.1512,2025-09-29,346.5664,8W,15.31,,,,,,
EPD,2025,6,option,2025-08-04,2025-08-11,30.4766,30.6409,3.0076,2025-09-29,30.6119,8W,-2.56,,,,,,
EQIX,2025,2,option,2025-08-04,2025-08-11,759.3617,769.5315,4.521,2025-09-29,769.8566,8W,-3.14,,,,,,
MA,2025,3,option,2025-08-04,2025-08-11,573.3806,574.5373,2.5462,2025-09-29,578.8152,8W,-1.6,,,,,,
PG,2025,3,option,2025-08-04,2025-08-11,151.3988,151.8623,1.7772,2025-09-29,150.1465,8W,-1.78,,,,,,
PGR,2025,2,option,2025-08-04,2025-08-11,231.1392,234.2221,2.8031,2025-09-29,230.9324,8W,-2.8,,,,,,
TRV,2025,2,option,2025-08-04,2025-08-11,262.1185,265.4693,2.8031,2025-09-29,282.4104,8W,4.94,,,,,,
UNH,2025,2,option,2025-08-04,2025-08-11,248.6604,247.965,4.1512,2025-09-29,355.0342,8W,38.63,,,,,,
AJG,2025,2,option,2025-08-11,2025-08-18,289.7301,293.1829,2.792,2025-10-06,300.0235,8W,0.76,,,,,,
BRK-B,2025,3,option,2025-08-11,2025-08-18,477.97,482.48,2.792,2025-10-06,489.13,8W,-0.46,,,,,,
CL,2025,2,option,2025-08-11,2025-08-18,84.1669,85.9045,1.7702,2025-10-06,76.9695,8W,-1.77,,,,,,
ET,2025,2,option,2025-08-11,2025-08-18,16.6077,16.8964,2.9957,2025-10-06,15.6744,8W,-3.0,,,,,,
MPLX,2025,4,option,2025-08-11,2025-08-18,48.0135,48.8297,2.9957,2025-10-06,45.9009,8W,-3.0,,,,,,
V,2025,3,option,2025-08-11,2025-08-18,342.4541,346.3464,1.8563,2025-10-06,342.2649,8W,-1.86,,,,,,
ACN,2025,2,option,2025-08-18,2025-08-25,259.22,262.17,3.4586,2025-10-13,238.39,8W,-3.46,,,,,,
ADP,2025,3,option,2025-08-18,2025-08-25,300.6811,303.9849,1.4494,2025-10-13,277.1734,8W,-1.45,,,,,,
BSX,2025,3,option,2025-08-18,2025-08-25,106.16,106.69,0.4987,2025-10-13,99.24,8W,-0.5,,,,,,
IT,2025,2,option,2025-08-18,2025-08-25,249.5,252.13,3.4586,2025-10-13,235.73,8W,-3.46,,,,,,
PAYX,2025,2,option,2025-08-18,2025-08-25,137.6347,138.3993,3.4586,2025-10-13,124.0584,8W,-3.46,,,,,,
PM,2025,2,option,2025-08-18,2025-08-25,167.1311,170.5076,1.7676,2025-10-13,155.2455,8W,-1.77,,,,,,
ROP,2025,3,option,2025-08-18,2025-08-25,533.9178,542.9243,1.9682,2025-10-13,503.4886,8W,-1.97,,,,,,
KMI,2025,2,option,2025-08-25,2025-09-01,26.177,26.5295,3.0493,2025-10-20,25.325,8W,-3.05,2025-11-17,27.1664,2026-01-05,26.8594,8W,-3.05
WMB,2025,2,option,2025-08-25,2025-09-01,56.1534,56.7197,3.0493,2025-10-20,56.6011,8W,-2.25,,,,,,
CL,2025,3,option,2025-09-01,2025-09-08,83.841,84.6704,1.3769,2025-10-27,76.5811,8W,-1.38,,,,,,
COST,2025,2,option,2025-09-01,2025-09-08,961.0555,966.8594,3.0338,2025-10-27,908.9207,8W,-3.03,,,,,,
FTNT,2025,6,option,2025-09-01,2025-09-08,79.18,79.49,5.2433,2025-10-27,86.43,8W,3.91,,,,,,
NFLX,2025,2,option,2025-09-01,2025-09-08,124.854,126.71,3.0978,2025-10-27,111.886,8W,-3.1,,,,,,
KMI,2025,3,option,2025-09-08,2025-09-15,27.0975,27.2346,1.997,2025-11-03,26.0007,8W,-2.0,,,,,,
MNST,2025,2,option,2025-09-08,2025-09-15,64.93,64.78,2.2326,2025-11-03,69.73,8W,5.16,,,,,,
OKE,2025,2,option,2025-09-08,2025-09-15,71.3534,71.7516,1.997,2025-11-03,66.1665,8W,-2.0,,,,,,
PM,2025,3,option,2025-09-08,2025-09-15,161.0496,165.2823,2.2326,2025-11-03,150.6587,8W,-2.23,,,,,,
WMB,2025,3,option,2025-09-08,2025-09-15,57.9896,57.95,1.997,2025-11-03,58.669,8W,-0.83,,,,,,
ACN,2025,3,option,2025-09-15,2025-09-22,239.86,245.2,4.4635,2025-11-10,245.21,8W,-2.23,,,,,,
CME,2025,2,option,2025-09-15,2025-09-22,253.4935,257.0711,1.8419,2025-11-10,277.1076,8W,7.47,,,,,,
CRM,2025,2,option,2025-09-15,2025-09-22,244.8847,246.4623,5.3366,2025-11-10,243.2673,8W,-5.34,,,,,,
NFLX,2025,3,option,2025-09-15,2025-09-22,122.19,123.393,3.1529,2025-11-10,111.217,8W,-3.15,,,,,,
V,2025,4,option,2025-09-15,2025-09-22,337.6436,344.8046,1.9404,2025-11-10,328.6898,8W,-1.94,,,,,,
AIG,2025,2,option,2025-09-22,2025-09-29,76.9603,77.6031,2.2991,2025-11-17,75.1208,8W,-2.3,,,,,,
BKNG,2025,2,option,2025-09-22,2025-09-29,5548.3631,5563.2609,3.0515,2025-11-17,4748.0635,8W,-3.05,,,,,,
CB,2025,2,option,2025-09-22,2025-09-29,279.5847,281.3295,2.2991,2025-11-17,297.412,8W,4.08,,,,,,
EXC,2025,2,option,2025-09-22,2025-09-29,43.1898,43.9074,1.4805,2025-11-17,45.3616,8W,3.55,,,,,,
ISRG,2025,2,option,2025-09-22,2025-09-29,442.06,451.34,2.4494,2025-11-17,561.61,8W,24.59,,,,,,
MPLX,2025,5,option,2025-09-22,2025-09-29,49.1562,49.7131,2.0687,2025-11-17,53.0203,8W,5.79,,,,,,
OKE,2025,3,option,2025-09-22,2025-09-29,71.9653,73.092,2.0687,2025-11-17,69.577,8W,-2.07,,,,,,
VRSK,2025,2,option,2025-09-22,2025-09-29,244.7808,247.6775,4.4172,2025-11-17,222.1353,8W,-4.42,,,,,,
WM,2025,2,option,2025-09-22,2025-09-29,217.1536,219.892,2.1376,2025-11-17,214.931,8W,-2.14,,,,,,
ABT,2025,4,option,2025-09-29,2025-10-06,133.0514,134.1707,3.3752,2025-11-24,128.2503,8W,-3.38,,,,,,
ADP,2025,4,option,2025-09-29,2025-10-06,287.2544,290.0629,1.4103,2025-11-24,251.5816,8W,-1.41,,,,,,
AMGN,2025,2,option,2025-09-29,2025-10-06,293.4787,297.4625,3.5735,2025-11-24,343.0827,8W,13.33,,,,,,
CSCO,2025,2,option,2025-09-29,2025-10-06,68.0757,68.7053,4.4868,2025-11-24,76.5305,8W,7.93,,,,,,
CTSH,2025,2,option,2025-09-29,2025-10-06,67.1233,67.1728,3.2921,2025-11-24,77.3166,8W,11.89,,,,,,
DE,2025,2,option,2025-09-29,2025-10-06,463.108,465.995,2.0909,2025-11-24,462.8888,8W,-2.09,,,,,,
HON,2025,2,option,2025-09-29,2025-10-06,195.7761,198.5915,4.4868,2025-11-24,191.2405,8W,-4.49,,,,,,
MAR,2025,2,option,2025-09-29,2025-10-06,268.0176,267.7985,2.8122,2025-11-24,304.2022,8W,10.69,,,,,,
PYPL,2025,2,option,2025-09-29,2025-10-06,69.8466,70.881,3.1472,2025-11-24,62.5008,8W,-3.15,,,,,,
ROP,2025,4,option,2025-09-29,2025-10-06,500.874,503.0424,2.3554,2025-11-24,445.3078,8W,-2.36,,,,,,
V,2025,5,option,2025-09-29,2025-10-06,348.5992,351.7366,3.1472,2025-11-24,333.7518,8W,-3.15,,,,,,
AMT,2025,2,option,2025-10-06,2025-10-13,182.5834,187.6243,1.8347,2025-12-01,177.1364,8W,-1.83,,,,,,
COST,2025,3,option,2025-10-06,2025-10-13,926.422,942.8263,2.9167,2025-12-01,893.4594,8W,-2.92,,,,,,
CRM,2025,3,option,2025-10-06,2025-10-13,242.4986,250.0664,4.5829,2025-12-01,260.1501,8W,2.7,,,,,,
NFLX,2025,4,option,2025-10-06,2025-10-13,122.135,124.7,6.92,2025-12-01,100.24,8W,-6.92,,,,,,
PAYX,2025,3,option,2025-10-06,2025-10-13,123.2056,124.627,4.2828,2025-12-01,110.9067,8W,-4.28,,,,,,
PM,2025,4,option,2025-10-06,2025-10-13,155.6777,158.6635,2.6966,2025-12-01,145.178,8W,-2.7,,,,,,
BSX,2025,4,option,2025-10-13,2025-10-20,99.7,99.61,4.2124,2025-12-08,92.58,8W,-4.21,,,,,,
CARR,2025,2,option,2025-10-13,2025-10-20,56.3308,57.8286,5.5998,2025-12-08,52.7139,8W,-5.6,,,,,,
CL,2025,4,option,2025-10-13,2025-10-20,78.7478,78.2727,4.5652,2025-12-08,77.8632,8W,-4.57,,,,,,
CTSH,2025,3,option,2025-10-13,2025-10-20,65.677,67.1926,4.1088,2025-12-08,83.515,8W,23.05,,,,,,
DE,2025,3,option,2025-10-13,2025-10-20,456.0325,464.1046,2.6096,2025-12-08,483.1288,8W,3.33,,,,,,
ECL,2025,2,option,2025-10-13,2025-10-20,275.7856,275.3779,4.5652,2025-12-08,262.1604,8W,-4.57,,,,,,
GWW,2025,2,option,2025-10-13,2025-10-20,956.2994,959.924,2.6096,2025-12-08,1020.6104,8W,4.12,,,,,,
HON,2025,3,option,2025-10-13,2025-10-20,190.4994,195.2261,5.5998,2025-12-08,192.7033,8W,-4.44,,,,,,
HWM,2025,2,option,2025-10-13,2025-10-20,191.4086,195.8435,1.7601,2025-12-08,198.1965,8W,1.79,,,,,,
INTU,2025,2,option,2025-10-13,2025-10-20,662.0606,661.0525,4.1909,2025-12-08,669.6966,8W,-3.04,,,,,,
ISRG,2025,3,option,2025-10-13,2025-10-20,452.5,449.09,4.2124,2025-12-08,542.32,8W,15.64,,,,,,
NOW,2025,2,option,2025-10-13,2025-10-20,181.328,185.8,6.3043,2025-12-08,173.012,8W,-6.3,,,,,,
ODFL,2025,2,option,2025-10-13,2025-10-20,138.1128,140.0164,3.159,2025-12-08,159.2676,8W,12.16,,,,,,
PEG,2025,2,option,2025-10-13,2025-10-20,83.6429,84.568,1.7601,2025-12-08,77.6395,8W,-1.76,,,,,,
SBUX,2025,2,option,2025-10-13,2025-10-20,84.5303,84.7769,3.159,2025-12-08,84.8031,8W,-2.84,,,,,,
ZTS,2025,2,option,2025-10-13,2025-10-20,142.7612,143.4558,4.2124,2025-12-08,118.1555,8W,-4.21,,,,,,
AIG,2025,3,option,2025-10-20,2025-10-27,78.3745,78.859,3.4143,2025-12-15,85.0796,8W,5.14,,,,,,
BMY,2025,2,option,2025-10-20,2025-10-27,43.3082,44.7017,3.2629,2025-12-15,53.5571,8W,20.4,,,,,,
CTAS,2025,2,option,2025-10-20,2025-10-27,189.7172,196.6944,3.2368,2025-12-15,187.1396,8W,-3.24,,,,,,
EMR,2025,2,option,2025-10-20,2025-10-27,132.6028,133.4757,4.4114,2025-12-15,132.4709,8W,-4.41,,,,,,
ET,2025,2,option,2025-10-20,2025-10-27,16.117,16.4538,2.3768,2025-12-15,16.0882,8W,-2.38,,,,,,
MAR,2025,3,option,2025-10-20,2025-10-27,271.2537,275.6149,2.7649,2025-12-15,309.5619,8W,11.36,,,,,,
MPLX,2025,6,option,2025-10-20,2025-10-27,48.4936,48.9737,2.3768,2025-12-15,52.6672,8W,6.23,,,,,,
OKE,2025,4,option,2025-10-20,2025-10-27,66.9339,69.1388,2.3768,2025-12-15,70.7016,8W,3.25,,,,,,
VRSK,2025,3,option,2025-10-20,2025-10-27,232.9852,238.3704,3.2368,2025-12-15,217.0288,8W,-3.24,,,,,,
WM,2025,3,option,2025-10-20,2025-10-27,213.6015,217.3818,2.4886,2025-12-15,215.4832,8W,-1.61,,,,,,
KMB,2025,2,option,2025-10-27,2025-11-03,102.171,120.1283,2.5059,2025-12-22,99.7677,8W,-2.51,,,,,,
ABT,2025,5,option,2025-11-03,2025-11-10,124.7879,126.0714,3.0395,2025-12-29,123.5641,8W,-3.04,,,,,,
AON,2025,2,option,2025-11-03,2025-11-10,343.34,348.18,3.3584,2025-12-29,344.27,8W,-3.09,,,,,,
CME,2025,3,option,2025-11-03,2025-11-10,267.0554,271.2551,3.9976,2025-12-29,263.3836,8W,-4.0,,,,,,
COST,2025,4,option,2025-11-03,2025-11-10,917.7462,943.9904,2.7119,2025-12-29,853.3342,8W,-2.71,,,,,,
CTAS,2025,3,option,2025-11-03,2025-11-10,182.7002,185.945,3.6752,2025-12-29,184.4558,8W,-2.71,,,,,,
EPD,2025,2,option,2025-11-03,2025-11-10,30.6182,30.7855,3.555,2025-12-29,31.6414,8W,-0.21,,,,,,
HLT,2025,2,option,2025-11-03,2025-11-10,273.945,273.5954,5.431,2025-12-29,292.8417,8W,1.47,,,,,,
ICE,2025,2,option,2025-11-03,2025-11-10,147.7406,149.0723,3.9976,2025-12-29,159.4748,8W,3.94,,,,,,
OKE,2025,5,option,2025-11-03,2025-11-10,67.4857,66.3511,3.555,2025-12-29,73.3355,8W,5.11,,,,,,
PEG,2025,3,option,2025-11-03,2025-11-10,81.7041,81.9895,1.5467,2025-12-29,80.3443,8W,-1.55,,,,,,
PGR,2025,3,option,2025-11-03,2025-11-10,202.1597,204.4445,3.3584,2025-12-29,199.4517,8W,-3.36,,,,,,
PM,2025,5,option,2025-11-03,2025-11-10,149.3916,150.7864,1.6991,2025-12-29,158.8817,8W,4.65,,,,,,
SBUX,2025,3,option,2025-11-03,2025-11-10,84.8952,84.7867,3.5655,2025-12-29,83.432,8W,-3.57,,,,,,
ADI,2025,2,option,2025-11-10,2025-11-17,231.485,240.3956,1.6074,2026-01-05,299.9907,8W,27.99,,,,,,
AIG,2025,4,option,2025-11-10,2025-11-17,77.1185,78.3646,3.4904,2026-01-05,74.9877,8W,-3.49,2026-02-23,79.7695,2026-03-30,74.05,8W,-3.49
AJG,2025,3,option,2025-11-10,2025-11-17,257.9343,261.0962,3.4904,2026-01-05,263.7835,8W,-1.22,,,,,,
AMT,2025,3,option,2025-11-10,2025-11-17,181.9198,183.5936,1.6074,2026-01-05,168.51,8W,-1.61,,,,,,
BKNG,2025,3,option,2025-11-10,2025-11-17,5008.968,5213.947,5.6445,2026-01-05,5479.6094,8W,3.75,,,,,,
COP,2025,2,option,2025-11-10,2025-11-17,89.0051,90.2733,3.684,2026-01-05,96.757,8W,5.03,,,,,,
CVX,2025,2,option,2025-11-10,2025-11-17,154.4669,154.7314,3.684,2026-01-05,160.5396,8W,0.25,,,,,,
ET,2025,3,option,2025-11-10,2025-11-17,16.6771,16.7164,3.6947,2026-01-05,16.6477,8W,-3.69,,,,,,
HON,2025,4,option,2025-11-10,2025-11-17,196.9124,200.834,5.6003,2026-01-05,206.3555,8W,-0.8,,,,,,
INTU,2025,3,option,2025-11-10,2025-11-17,661.2921,665.5941,5.1976,2026-01-05,645.7108,8W,-5.2,,,,,,
KR,2025,2,option,2025-11-10,2025-11-17,66.3871,66.2328,3.7057,2026-01-05,59.213,8W,-3.71,,,,,,
MCD,2025,2,option,2025-11-10,2025-11-17,303.6415,307.1804,3.7057,2026-01-05,305.6128,8W,-3.06,,,,,,
NFLX,2025,5,option,2025-11-10,2025-11-17,110.75,116.733,3.8821,2026-01-05,89.46,8W,-3.88,,,,,,
NKE,2025,2,option,2025-11-10,2025-11-17,62.2567,65.4055,4.8295,2026-01-05,65.4853,8W,0.36,,,,,,
PAYX,2025,4,option,2025-11-10,2025-11-17,110.7187,111.4907,3.8197,2026-01-05,112.5991,8W,-2.12,,,,,,
ROP,2025,5,option,2025-11-10,2025-11-17,447.7428,454.8682,4.1548,2026-01-05,434.81,8W,-4.15,,,,,,
SYK,2025,2,option,2025-11-10,2025-11-17,361.2002,375.0557,3.159,2026-01-05,367.54,8W,-1.4,,,,,,
TDG,2025,2,option,2025-11-10,2025-11-17,1347.29,1359.15,3.159,2026-01-05,1392.09,8W,0.17,,,,,,
TXN,2025,2,option,2025-11-10,2025-11-17,157.6013,164.3671,6.6772,2026-01-05,189.0759,8W,13.29,,,,,,
VRSK,2025,4,option,2025-11-10,2025-11-17,215.9936,220.6322,3.8197,2026-01-05,224.3023,8W,0.03,,,,,,
WM,2025,4,option,2025-11-10,2025-11-17,207.4399,209.2755,3.7057,2026-01-05,220.0351,8W,2.37,,,,,,
